student_id,school_year,grade_level,section,assessment_quarter,mathematics_grade,english_grade,science_grade,filipino_grade,araling_panlipunan_grade,esp_grade,mapeh_grade,tle_grade,general_average,failed_subjects,present_days,absent_days,late_days,excused_absences,attendance_rate,behavior_core_value,behavior_indicator,behavior_teacher_rating,behavior_quarter,teacher_remarks,intervention_type,intervention_date,intervention_reason,intervention_outcome,improved_after_intervention,risk_status,absent_percentage,late_percentage,high_grade_count,has_intervention,number_of_interventions,risk_label
ST-0001,2024-2025,Grade 4,C,2,77.63,75.52,76.49,72.52,69.42,72.41,76.63,82.77,75.42,1,99,1,0,1,98.75,Responsibility,Practices honesty,NO,2,Needs follow-up on attendance and punctuality,Unknown,,,Unknown,,Not At Risk,0.99999999999,0.0,0,1,1,0
ST-0002,2025-2026,Grade 5,B,3,75.19,78.48,71.91,77.45,79.07,75.88,74.89,87.55,77.55,1,99,1,1,0,98.25,Compassion,Shows respect to teachers and peers,AO,3,Improving steadily in class participation,Unknown,,,Unknown,,Not At Risk,0.99999999999,0.99999999999,0,1,1,0
ST-0003,2024-2025,Grade 7,C,4,84.09,89.3,93.66,79.02,79.51,81.4,84.38,79.06,83.8,0,100,0,2,1,99.0,Respect,Completes assignments on time,SO,4,Shows potential but needs more consistency,Unknown,,,Unknown,,Not At Risk,0.0,1.99999999998,1,1,1,0
ST-0004,2025-2026,Grade 7,C,1,69.17,67.72,81.79,70.13,73.91,81.66,70.38,72.62,73.42,2,99,1,2,0,97.75,Excellence,Practices honesty,SO,1,Shows potential but needs more consistency,Unknown,,,Unknown,,At Risk,0.99999999999,1.99999999998,0,1,1,1
ST-0005,2024-2025,Grade 10,A,2,87.73,84.25,90.82,81.26,96.92,79.63,95.74,82.72,87.38,0,99,1,1,0,98.25,Integrity,Completes assignments on time,SO,2,Demonstrates positive effort in class,Unknown,,,Unknown,,Not At Risk,0.99999999999,0.99999999999,3,1,1,0
ST-0006,2024-2025,Grade 9,C,2,68.97,74.74,71.46,78.67,92.42,71.08,86.22,70.29,76.73,0,96,4,0,1,95.0,Responsibility,Shows respect to teachers and peers,NO,2,Improving steadily in class participation,Unknown,,,Unknown,,At Risk,3.99999999996,0.0,1,1,1,1
ST-0007,2024-2025,Grade 4,D,1,85.4,79.99,70.6,79.97,99.6,78.78,83.77,69.93,81.0,0,99,1,1,1,98.25,Integrity,Shows respect to teachers and peers,SO,1,Improving steadily in class participation,Unknown,,,Unknown,,Not At Risk,0.99999999999,0.99999999999,1,1,1,0
ST-0008,2024-2025,Grade 4,C,1,78.23,78.61,95.78,74.27,88.27,86.69,81.94,78.59,82.8,0,99,1,5,2,96.25,Integrity,Completes assignments on time,RO,1,Shows potential but needs more consistency,Unknown,,,Unknown,,At Risk,0.99999999999,4.99999999995,1,1,1,1
ST-0009,2024-2025,Grade 9,D,3,69.83,60.78,87.62,86.21,72.83,95.97,83.04,87.0,80.41,0,100,0,1,0,99.5,Integrity,Demonstrates effort and perseverance,AO,3,Shows potential but needs more consistency,Unknown,,,Unknown,,Not At Risk,0.0,0.99999999999,1,1,1,0
ST-0010,2024-2025,Grade 9,A,1,79.39,86.15,85.34,81.37,84.61,78.98,81.93,70.24,81.0,0,100,0,2,1,99.0,Responsibility,Completes assignments on time,RO,1,Needs follow-up on attendance and punctuality,Unknown,,,Unknown,,Not At Risk,0.0,1.99999999998,0,1,1,0
ST-0011,2024-2025,Grade 4,A,3,82.01,88.54,75.82,74.3,61.7,66.08,73.7,76.15,74.79,2,99,1,0,1,98.75,Excellence,Demonstrates effort and perseverance,RO,3,Requires regular monitoring for academic progress,Unknown,,,Unknown,,At Risk,0.99999999999,0.0,0,1,1,1
ST-0012,2025-2026,Grade 6,B,3,70.4,88.72,84.25,80.7,100.0,77.54,83.26,79.56,83.05,0,100,0,2,1,99.0,Responsibility,Practices honesty,NO,3,Requires regular monitoring for academic progress,Unknown,,,Unknown,,Not At Risk,0.0,1.99999999998,1,1,1,0
ST-0013,2025-2026,Grade 8,A,3,89.32,71.46,83.32,85.57,81.77,88.29,75.68,66.01,80.18,0,96,4,1,3,94.5,Compassion,Shows respect to teachers and peers,AO,3,Shows potential but needs more consistency,Unknown,,,Unknown,,Not At Risk,3.99999999996,0.99999999999,0,1,1,0
ST-0014,2025-2026,Grade 10,B,3,84.15,82.61,68.31,66.22,77.74,73.18,63.93,68.0,73.02,2,100,0,1,1,99.5,Compassion,Completes assignments on time,NO,3,Improving steadily in class participation,Unknown,,,Unknown,,Not At Risk,0.0,0.99999999999,0,1,1,0
ST-0015,2024-2025,Grade 6,D,2,72.51,80.13,89.72,71.41,67.47,85.07,78.73,72.08,77.14,0,98,2,4,1,95.5,Responsibility,Practices honesty,AO,2,Needs follow-up on attendance and punctuality,Unknown,,,Unknown,,Not At Risk,1.99999999998,3.99999999996,0,1,1,0
ST-0016,2025-2026,Grade 10,B,2,57.8,71.85,50.0,74.18,50.0,57.62,78.28,75.26,64.37,3,98,2,5,1,95.0,Excellence,Shows respect to teachers and peers,SO,2,Demonstrates positive effort in class,Guidance Referral,2025-02-15,Behavior concerns affecting learning,No Change,,At Risk,1.99999999998,4.99999999995,0,1,1,1
ST-0017,2024-2025,Grade 6,A,4,71.42,60.82,70.52,75.32,69.15,67.88,68.46,87.62,71.4,2,99,1,0,0,98.75,Compassion,Demonstrates effort and perseverance,SO,4,Improving steadily in class participation,Unknown,,,Unknown,,At Risk,0.99999999999,0.0,0,1,1,1
ST-0018,2024-2025,Grade 7,D,2,89.08,83.22,73.47,87.99,78.26,77.11,79.81,85.77,81.84,0,100,0,2,1,99.0,Excellence,Demonstrates effort and perseverance,AO,2,Needs follow-up on attendance and punctuality,Unknown,,,Unknown,,Not At Risk,0.0,1.99999999998,0,1,1,0
ST-0019,2024-2025,Grade 10,B,3,70.95,67.88,60.41,60.69,61.23,56.7,66.46,76.5,65.1,3,99,1,4,3,96.75,Responsibility,Shows respect to teachers and peers,SO,3,Demonstrates positive effort in class,Guidance Referral,2025-03-15,Frequent absences and missing assignments,Ongoing,,Not At Risk,0.99999999999,3.99999999996,0,1,1,0
ST-0020,2024-2025,Grade 10,D,3,78.68,71.89,85.89,72.68,91.84,74.56,76.88,82.78,79.4,0,100,0,1,1,99.5,Compassion,Practices honesty,SO,3,Shows potential but needs more consistency,Unknown,,,Unknown,,Not At Risk,0.0,0.99999999999,1,1,1,0
ST-0021,2025-2026,Grade 5,C,3,78.25,71.52,90.6,86.79,75.38,82.38,87.31,91.92,83.02,0,99,1,1,1,98.25,Integrity,Practices honesty,NO,3,Shows potential but needs more consistency,Unknown,,,Unknown,,Not At Risk,0.99999999999,0.99999999999,2,1,1,0
ST-0022,2025-2026,Grade 6,D,4,91.92,79.65,83.68,94.63,76.19,94.15,90.82,73.54,85.57,0,99,1,2,1,97.75,Excellence,Demonstrates effort and perseverance,SO,4,Shows potential but needs more consistency,Unknown,,,Unknown,,Not At Risk,0.99999999999,1.99999999998,4,1,1,0
ST-0023,2024-2025,Grade 9,D,2,69.9,79.6,82.06,73.43,85.64,76.34,83.95,70.4,77.67,0,94,6,0,3,92.5,Respect,Shows respect to teachers and peers,SO,2,Improving steadily in class participation,Unknown,,,Unknown,,Not At Risk,5.99999999994,0.0,0,1,1,0
ST-0024,2024-2025,Grade 10,A,2,62.81,71.48,50.0,51.39,61.17,51.51,69.17,70.33,60.98,3,99,1,2,1,97.75,Responsibility,Shows respect to teachers and peers,NO,2,Needs follow-up on attendance and punctuality,Guidance Referral,2025-02-15,Need for academic support and monitoring,Ongoing,True,At Risk,0.99999999999,1.99999999998,0,1,1,1
ST-0025,2024-2025,Grade 10,A,3,85.23,78.27,68.9,78.43,66.78,91.75,74.95,79.36,77.96,0,100,0,1,1,99.5,Integrity,Practices honesty,RO,3,Demonstrates positive effort in class,Unknown,,,Unknown,,At Risk,0.0,0.99999999999,1,1,1,1
ST-0026,2025-2026,Grade 6,B,1,69.81,67.76,66.78,74.63,66.7,75.96,75.53,81.14,72.29,2,99,1,2,1,97.75,Responsibility,Practices honesty,RO,1,Demonstrates positive effort in class,Unknown,,,Unknown,,At Risk,0.99999999999,1.99999999998,0,1,1,1
ST-0027,2024-2025,Grade 9,D,4,76.97,88.98,70.07,84.93,62.28,100.0,71.9,75.46,78.82,0,96,4,1,0,94.5,Excellence,Completes assignments on time,RO,4,Improving steadily in class participation,Unknown,,,Unknown,,At Risk,3.99999999996,0.99999999999,1,1,1,1
ST-0028,2024-2025,Grade 9,D,3,79.74,84.8,82.98,86.9,81.88,83.72,76.74,80.44,82.15,0,99,1,1,1,98.25,Integrity,Shows respect to teachers and peers,AO,3,Shows potential but needs more consistency,Unknown,,,Unknown,,Not At Risk,0.99999999999,0.99999999999,0,1,1,0
ST-0029,2025-2026,Grade 7,D,4,85.04,80.19,91.53,87.21,72.51,78.83,93.46,95.71,85.56,0,99,1,0,0,98.75,Excellence,Demonstrates effort and perseverance,SO,4,Improving steadily in class participation,Unknown,,,Unknown,,Not At Risk,0.99999999999,0.0,3,1,1,0
ST-0030,2025-2026,Grade 7,D,3,74.55,75.64,81.79,64.11,84.74,89.82,82.5,79.84,79.12,0,100,0,0,0,100.0,Compassion,Shows respect to teachers and peers,AO,3,Improving steadily in class participation,Unknown,,,Unknown,,Not At Risk,0.0,0.0,0,1,1,0
ST-0031,2025-2026,Grade 9,C,4,64.19,58.12,67.22,67.2,66.96,69.49,66.69,65.92,65.72,3,94,6,3,3,91.0,Compassion,Demonstrates effort and perseverance,NO,4,Requires regular monitoring for academic progress,Behavioral Monitoring,2025-04-15,Declining grades and low class participation,Worsened,False,At Risk,5.99999999994,2.99999999997,0,1,1,1
ST-0032,2025-2026,Grade 7,A,1,88.19,84.13,75.73,69.38,81.9,83.65,86.38,69.01,79.8,0,99,1,2,0,97.75,Compassion,Completes assignments on time,SO,1,Requires regular monitoring for academic progress,Unknown,,,Unknown,,Not At Risk,0.99999999999,1.99999999998,0,1,1,0
ST-0033,2025-2026,Grade 9,D,1,84.25,84.09,73.05,86.43,77.08,75.6,83.14,79.62,80.41,0,100,0,0,0,100.0,Respect,Demonstrates effort and perseverance,SO,1,Demonstrates positive effort in class,Unknown,,,Unknown,,Not At Risk,0.0,0.0,0,1,1,0
ST-0034,2025-2026,Grade 4,B,3,90.48,87.21,89.48,90.34,92.05,80.23,98.1,87.84,89.47,0,99,1,2,0,97.75,Responsibility,Shows respect to teachers and peers,AO,3,Demonstrates positive effort in class,Unknown,,,Unknown,,Not At Risk,0.99999999999,1.99999999998,4,1,1,0
ST-0035,2024-2025,Grade 9,B,4,72.58,85.85,72.3,83.03,84.5,86.6,72.25,74.05,78.89,0,100,0,0,1,100.0,Excellence,Displays kindness and empathy,RO,4,Shows potential but needs more consistency,Unknown,,,Unknown,,Not At Risk,0.0,0.0,0,1,1,0
ST-0036,2025-2026,Grade 9,C,4,73.78,92.99,67.67,94.46,96.65,66.07,83.55,89.64,83.1,0,99,1,1,0,98.25,Integrity,Practices honesty,AO,4,Improving steadily in class participation,Unknown,,,Unknown,,Not At Risk,0.99999999999,0.99999999999,3,1,1,0
ST-0037,2025-2026,Grade 4,B,3,75.78,83.76,83.58,77.41,82.69,82.67,66.28,89.82,80.25,0,100,0,2,1,99.0,Excellence,Practices honesty,RO,3,Needs follow-up on attendance and punctuality,Unknown,,,Unknown,,Not At Risk,0.0,1.99999999998,0,1,1,0
ST-0038,2025-2026,Grade 10,A,1,91.12,85.06,73.77,61.0,77.15,77.3,74.36,75.6,76.92,1,100,0,0,0,100.0,Integrity,Demonstrates effort and perseverance,SO,1,Improving steadily in class participation,Unknown,,,Unknown,,At Risk,0.0,0.0,1,1,1,1
ST-0039,2024-2025,Grade 5,A,4,75.84,83.96,82.25,83.88,88.38,67.58,82.22,78.87,80.37,0,96,4,2,2,94.0,Compassion,Practices honesty,RO,4,Needs follow-up on attendance and punctuality,Unknown,,,Unknown,,At Risk,3.99999999996,1.99999999998,0,1,1,1
ST-0040,2024-2025,Grade 7,D,1,61.37,89.48,64.57,63.19,57.22,64.67,69.98,66.33,67.1,3,99,1,1,1,98.25,Excellence,Displays kindness and empathy,SO,1,Improving steadily in class participation,Unknown,,,Unknown,,At Risk,0.99999999999,0.99999999999,0,1,1,1
ST-0041,2024-2025,Grade 8,C,2,79.38,91.24,71.6,77.27,88.95,88.09,84.92,78.83,82.53,0,100,0,1,1,99.5,Responsibility,Displays kindness and empathy,SO,2,Demonstrates positive effort in class,Unknown,,,Unknown,,Not At Risk,0.0,0.99999999999,1,1,1,0
ST-0042,2025-2026,Grade 9,C,1,72.02,67.35,65.51,87.67,74.91,78.15,74.93,82.53,75.38,0,99,1,2,2,97.75,Compassion,Shows respect to teachers and peers,SO,1,Improving steadily in class participation,Unknown,,,Unknown,,Not At Risk,0.99999999999,1.99999999998,0,1,1,0
ST-0043,2025-2026,Grade 4,C,2,81.0,74.16,86.81,87.13,100.0,92.65,91.36,89.7,87.85,0,99,1,1,0,98.25,Excellence,Practices honesty,RO,2,Requires regular monitoring for academic progress,Unknown,,,Unknown,,Not At Risk,0.99999999999,0.99999999999,3,1,1,0
ST-0044,2024-2025,Grade 7,A,4,80.45,77.99,77.48,85.5,68.66,100.0,73.42,96.56,82.51,0,99,1,0,0,98.75,Integrity,Shows respect to teachers and peers,NO,4,Improving steadily in class participation,Unknown,,,Unknown,,Not At Risk,0.99999999999,0.0,2,1,1,0
ST-0045,2024-2025,Grade 4,C,2,89.39,76.28,72.45,77.93,86.77,100.0,89.59,75.35,83.47,0,100,0,2,1,99.0,Respect,Shows respect to teachers and peers,SO,2,Improving steadily in class participation,Unknown,,,Unknown,,Not At Risk,0.0,1.99999999998,1,1,1,0
ST-0046,2024-2025,Grade 6,B,3,81.3,77.35,66.81,82.44,68.65,76.94,66.09,66.02,73.2,2,99,1,1,0,98.25,Respect,Practices honesty,RO,3,Demonstrates positive effort in class,Academic Monitoring,2025-03-15,Declining grades and low class participation,Worsened,,At Risk,0.99999999999,0.99999999999,0,1,1,1
ST-0047,2024-2025,Grade 4,C,2,61.8,97.3,65.43,72.89,71.48,73.32,71.39,59.92,71.69,2,99,1,2,1,97.75,Responsibility,Practices honesty,SO,2,Needs follow-up on attendance and punctuality,Unknown,,,Unknown,,At Risk,0.99999999999,1.99999999998,1,1,1,1
ST-0048,2025-2026,Grade 7,D,1,94.18,79.7,79.55,84.06,90.61,88.85,84.74,76.08,84.72,0,100,0,0,1,100.0,Integrity,Displays kindness and empathy,SO,1,Demonstrates positive effort in class,Unknown,,,Unknown,,Not At Risk,0.0,0.0,2,1,1,0
ST-0049,2024-2025,Grade 6,C,3,63.77,78.72,75.12,75.04,71.84,80.15,59.6,65.96,71.28,2,99,1,2,1,97.75,Compassion,Displays kindness and empathy,RO,3,Needs follow-up on attendance and punctuality,Attendance Monitoring,2025-03-15,Declining grades and low class participation,Ongoing,False,At Risk,0.99999999999,1.99999999998,0,1,1,1
ST-0050,2024-2025,Grade 5,B,4,70.04,76.89,73.69,80.02,75.8,86.23,90.23,75.1,78.5,1,99,1,0,1,98.75,Integrity,Practices honesty,AO,4,Demonstrates positive effort in class,Unknown,,,Unknown,,Not At Risk,0.99999999999,0.0,1,1,1,0
ST-0051,2025-2026,Grade 7,C,2,75.07,71.46,78.37,77.97,71.32,87.7,88.35,80.71,78.87,0,98,2,0,1,97.5,Responsibility,Completes assignments on time,SO,2,Demonstrates positive effort in class,Unknown,,,Unknown,,At Risk,1.99999999998,0.0,0,1,1,1
ST-0052,2024-2025,Grade 8,C,1,79.38,84.01,79.73,91.32,73.86,90.96,83.0,91.7,84.25,0,99,1,0,1,98.75,Compassion,Shows respect to teachers and peers,AO,1,Demonstrates positive effort in class,Unknown,,,Unknown,,Not At Risk,0.99999999999,0.0,3,1,1,0
ST-0053,2024-2025,Grade 5,D,4,80.66,91.29,89.7,93.82,92.51,92.77,93.16,81.67,89.45,0,99,1,2,1,97.75,Responsibility,Completes assignments on time,AO,4,Requires regular monitoring for academic progress,Unknown,,,Unknown,,Not At Risk,0.99999999999,1.99999999998,5,1,1,0
ST-0054,2024-2025,Grade 10,A,2,70.8,77.09,74.06,66.48,66.68,64.13,73.55,100.0,74.1,1,100,0,1,0,99.5,Excellence,Shows respect to teachers and peers,SO,2,Needs follow-up on attendance and punctuality,Unknown,,,Unknown,,At Risk,0.0,0.99999999999,1,1,1,1
ST-0055,2024-2025,Grade 6,D,4,76.14,72.9,66.65,69.31,56.11,65.09,75.04,71.69,69.12,3,99,1,1,0,98.25,Respect,Practices honesty,RO,4,Shows potential but needs more consistency,Unknown,,,Unknown,,At Risk,0.99999999999,0.99999999999,0,1,1,1
ST-0056,2025-2026,Grade 9,A,2,63.91,65.64,77.17,66.88,72.43,59.87,82.97,74.73,70.45,2,100,0,0,1,100.0,Excellence,Completes assignments on time,SO,2,Needs follow-up on attendance and punctuality,Unknown,,,Unknown,,At Risk,0.0,0.0,0,1,1,1
ST-0057,2024-2025,Grade 8,B,3,91.16,92.3,91.82,88.69,78.87,78.9,93.66,92.77,88.52,0,99,1,2,1,97.75,Excellence,Displays kindness and empathy,AO,3,Shows potential but needs more consistency,Unknown,,,Unknown,,Not At Risk,0.99999999999,1.99999999998,5,1,1,0
ST-0058,2025-2026,Grade 6,B,2,83.27,85.74,82.26,71.25,67.6,78.26,70.38,78.85,77.2,0,99,1,1,1,98.25,Excellence,Completes assignments on time,AO,2,Demonstrates positive effort in class,Unknown,,,Unknown,,Not At Risk,0.99999999999,0.99999999999,0,1,1,0
ST-0059,2024-2025,Grade 7,C,2,83.73,77.49,84.41,100.0,87.01,67.58,89.15,95.11,85.56,0,99,1,1,1,98.25,Integrity,Completes assignments on time,SO,2,Improving steadily in class participation,Unknown,,,Unknown,,Not At Risk,0.99999999999,0.99999999999,2,1,1,0
ST-0060,2024-2025,Grade 10,C,1,92.87,90.5,84.89,76.23,81.83,76.14,86.74,79.27,83.56,0,100,0,2,0,99.0,Respect,Practices honesty,AO,1,Shows potential but needs more consistency,Unknown,,,Unknown,,Not At Risk,0.0,1.99999999998,2,1,1,0
ST-0061,2025-2026,Grade 8,C,2,89.2,86.99,77.11,83.77,97.06,85.16,66.54,82.8,83.58,0,94,6,2,2,91.5,Responsibility,Completes assignments on time,NO,2,Requires regular monitoring for academic progress,Unknown,,,Unknown,,Not At Risk,5.99999999994,1.99999999998,1,1,1,0
ST-0062,2025-2026,Grade 4,C,2,74.79,80.26,87.95,73.48,88.91,81.52,81.26,84.28,81.56,0,96,4,3,0,93.5,Respect,Demonstrates effort and perseverance,SO,2,Needs follow-up on attendance and punctuality,Unknown,,,Unknown,,At Risk,3.99999999996,2.99999999997,0,1,1,1
ST-0063,2024-2025,Grade 8,A,4,78.51,71.81,84.55,82.08,77.37,77.51,69.43,73.31,76.82,0,99,1,2,1,97.75,Integrity,Practices honesty,RO,4,Improving steadily in class participation,Unknown,,,Unknown,,At Risk,0.99999999999,1.99999999998,0,1,1,1
ST-0064,2024-2025,Grade 4,D,1,78.38,68.41,68.62,82.78,71.91,77.4,73.98,53.96,71.93,2,97,3,0,1,96.25,Integrity,Displays kindness and empathy,NO,1,Requires regular monitoring for academic progress,Behavioral Monitoring,2025-01-15,Need for academic support and monitoring,No Change,False,At Risk,2.99999999997,0.0,0,1,1,1
ST-0065,2025-2026,Grade 10,A,4,68.18,73.24,66.46,64.79,63.65,66.52,69.34,63.97,67.02,3,100,0,2,0,99.0,Respect,Shows respect to teachers and peers,NO,4,Demonstrates positive effort in class,Unknown,,,Unknown,,At Risk,0.0,1.99999999998,0,1,1,1
ST-0066,2025-2026,Grade 8,B,1,88.86,82.58,71.44,83.04,67.04,73.72,70.28,59.89,74.61,2,100,0,2,1,99.0,Compassion,Completes assignments on time,RO,1,Shows potential but needs more consistency,Unknown,,,Unknown,,At Risk,0.0,1.99999999998,0,1,1,1
ST-0067,2024-2025,Grade 9,B,4,74.82,71.77,67.51,69.44,82.55,78.35,80.96,80.06,75.68,0,100,0,2,1,99.0,Compassion,Displays kindness and empathy,NO,4,Shows potential but needs more consistency,Unknown,,,Unknown,,At Risk,0.0,1.99999999998,0,1,1,1
ST-0068,2025-2026,Grade 6,B,2,91.79,94.23,93.22,85.37,73.69,95.29,74.76,80.49,86.11,0,100,0,0,1,100.0,Integrity,Demonstrates effort and perseverance,RO,2,Shows potential but needs more consistency,Unknown,,,Unknown,,Not At Risk,0.0,0.0,4,1,1,0
ST-0069,2024-2025,Grade 6,A,4,70.08,77.51,81.15,77.0,64.88,81.89,87.41,73.05,76.62,0,100,0,0,1,100.0,Excellence,Displays kindness and empathy,SO,4,Shows potential but needs more consistency,Unknown,,,Unknown,,Not At Risk,0.0,0.0,0,1,1,0
ST-0070,2025-2026,Grade 5,C,2,72.1,75.88,86.76,91.79,87.66,78.74,85.5,81.17,82.45,0,99,1,0,1,98.75,Responsibility,Demonstrates effort and perseverance,RO,2,Demonstrates positive effort in class,Unknown,,,Unknown,,Not At Risk,0.99999999999,0.0,1,1,1,0
ST-0071,2024-2025,Grade 7,C,3,81.59,86.18,91.01,86.67,77.92,85.03,79.57,79.5,83.43,0,99,1,2,1,97.75,Compassion,Demonstrates effort and perseverance,NO,3,Requires regular monitoring for academic progress,Unknown,,,Unknown,,Not At Risk,0.99999999999,1.99999999998,1,1,1,0
ST-0072,2024-2025,Grade 6,B,4,78.74,67.69,90.55,70.25,81.3,58.09,74.83,69.46,73.86,2,100,0,2,0,99.0,Responsibility,Completes assignments on time,NO,4,Requires regular monitoring for academic progress,Behavioral Monitoring,2025-04-15,Declining grades and low class participation,Improved,,At Risk,0.0,1.99999999998,1,1,1,1
ST-0073,2025-2026,Grade 4,A,3,74.75,87.02,89.87,78.54,94.84,77.82,87.66,78.19,83.59,0,100,0,1,0,99.5,Excellence,Displays kindness and empathy,SO,3,Requires regular monitoring for academic progress,Unknown,,,Unknown,,At Risk,0.0,0.99999999999,1,1,1,1
ST-0074,2024-2025,Grade 5,A,4,81.53,88.54,78.52,80.64,87.48,87.06,83.72,71.73,82.4,0,99,1,0,1,98.75,Compassion,Completes assignments on time,AO,4,Demonstrates positive effort in class,Unknown,,,Unknown,,Not At Risk,0.99999999999,0.0,0,1,1,0
ST-0075,2025-2026,Grade 8,C,4,74.39,92.01,93.51,82.17,87.02,72.19,84.29,82.08,83.46,0,100,0,2,1,99.0,Respect,Demonstrates effort and perseverance,SO,4,Demonstrates positive effort in class,Unknown,,,Unknown,,Not At Risk,0.0,1.99999999998,2,1,1,0
ST-0076,2024-2025,Grade 8,D,2,80.13,85.74,70.29,82.03,80.5,88.05,72.59,72.47,78.98,0,94,6,4,2,90.5,Integrity,Demonstrates effort and perseverance,RO,2,Demonstrates positive effort in class,Unknown,,,Unknown,,At Risk,5.99999999994,3.99999999996,0,1,1,1
ST-0077,2025-2026,Grade 5,D,3,78.42,72.11,84.17,94.67,91.54,84.79,81.28,100.0,85.87,0,99,1,2,1,97.75,Integrity,Displays kindness and empathy,SO,3,Requires regular monitoring for academic progress,Unknown,,,Unknown,,Not At Risk,0.99999999999,1.99999999998,3,1,1,0
ST-0078,2025-2026,Grade 6,A,4,85.15,80.74,100.0,90.71,100.0,95.15,79.61,74.78,88.27,0,100,0,2,0,99.0,Respect,Demonstrates effort and perseverance,SO,4,Requires regular monitoring for academic progress,Unknown,,,Unknown,,Not At Risk,0.0,1.99999999998,4,1,1,0
ST-0079,2024-2025,Grade 5,A,2,89.99,87.72,89.52,80.24,87.09,77.39,96.49,73.69,85.27,0,96,4,1,3,94.5,Respect,Demonstrates effort and perseverance,SO,2,Improving steadily in class participation,Unknown,,,Unknown,,Not At Risk,3.99999999996,0.99999999999,1,1,1,0
ST-0080,2024-2025,Grade 5,D,2,83.74,91.51,83.66,74.8,85.91,82.13,66.39,68.8,79.62,0,97,3,2,2,95.25,Responsibility,Demonstrates effort and perseverance,RO,2,Demonstrates positive effort in class,Unknown,,,Unknown,,At Risk,2.99999999997,1.99999999998,1,1,1,1
ST-0081,2025-2026,Grade 5,A,3,75.64,63.42,65.06,72.26,84.73,92.88,91.28,69.09,76.8,1,99,1,0,1,98.75,Compassion,Completes assignments on time,AO,3,Shows potential but needs more consistency,Unknown,,,Unknown,,Not At Risk,0.99999999999,0.0,2,1,1,0
ST-0082,2025-2026,Grade 7,B,4,82.29,82.0,76.01,73.39,87.01,86.03,82.15,91.44,82.54,0,99,1,2,1,97.75,Compassion,Displays kindness and empathy,AO,4,Requires regular monitoring for academic progress,Unknown,,,Unknown,,Not At Risk,0.99999999999,1.99999999998,1,1,1,0
ST-0083,2024-2025,Grade 5,B,4,66.16,72.71,63.77,73.0,76.75,82.67,77.74,59.81,71.58,2,100,0,1,1,99.5,Respect,Demonstrates effort and perseverance,AO,4,Requires regular monitoring for academic progress,Unknown,,,Unknown,,Not At Risk,0.0,0.99999999999,0,1,1,0
ST-0084,2024-2025,Grade 8,B,2,77.65,79.64,66.66,80.73,72.29,85.45,80.52,82.72,78.21,0,100,0,2,1,99.0,Responsibility,Demonstrates effort and perseverance,SO,2,Shows potential but needs more consistency,Unknown,,,Unknown,,Not At Risk,0.0,1.99999999998,0,1,1,0
ST-0085,2024-2025,Grade 7,C,1,69.09,77.42,77.91,80.47,68.22,67.53,85.62,75.12,75.17,0,93,7,2,3,90.25,Excellence,Completes assignments on time,SO,1,Needs follow-up on attendance and punctuality,Unknown,,,Unknown,,Not At Risk,6.99999999993,1.99999999998,0,1,1,0
ST-0086,2024-2025,Grade 5,D,2,75.55,72.0,66.1,78.22,81.11,89.57,79.67,100.0,80.28,0,94,6,0,3,92.5,Respect,Completes assignments on time,SO,2,Improving steadily in class participation,Unknown,,,Unknown,,At Risk,5.99999999994,0.0,1,1,1,1
ST-0087,2024-2025,Grade 4,A,4,75.76,84.61,84.3,97.17,90.22,85.83,79.44,96.11,86.68,0,99,1,0,1,98.75,Compassion,Completes assignments on time,RO,4,Requires regular monitoring for academic progress,Unknown,,,Unknown,,Not At Risk,0.99999999999,0.0,3,1,1,0
ST-0088,2024-2025,Grade 7,C,3,62.36,62.99,50.0,69.89,80.24,66.01,72.36,62.76,65.83,3,100,0,0,0,100.0,Responsibility,Displays kindness and empathy,RO,3,Improving steadily in class participation,Unknown,,,Unknown,,At Risk,0.0,0.0,0,1,1,1
ST-0089,2025-2026,Grade 4,D,4,70.56,67.78,84.0,79.6,81.46,78.35,82.6,94.68,79.88,0,95,5,5,0,91.25,Excellence,Completes assignments on time,RO,4,Demonstrates positive effort in class,Unknown,,,Unknown,,At Risk,4.99999999995,4.99999999995,1,1,1,1
ST-0090,2024-2025,Grade 10,C,3,97.02,95.57,68.28,75.48,70.2,72.39,84.92,69.84,79.21,0,94,6,2,2,91.5,Excellence,Practices honesty,SO,3,Demonstrates positive effort in class,Unknown,,,Unknown,,At Risk,5.99999999994,1.99999999998,2,1,1,1
ST-0091,2024-2025,Grade 10,D,3,75.27,79.03,84.78,86.44,90.95,78.31,79.0,84.08,82.23,0,100,0,1,1,99.5,Compassion,Displays kindness and empathy,AO,3,Demonstrates positive effort in class,Unknown,,,Unknown,,Not At Risk,0.0,0.99999999999,1,1,1,0
ST-0092,2025-2026,Grade 7,B,3,57.18,65.95,70.71,70.0,80.05,54.42,64.06,57.7,65.01,3,100,0,2,0,99.0,Excellence,Practices honesty,RO,3,Needs follow-up on attendance and punctuality,Unknown,,,Unknown,,Not At Risk,0.0,1.99999999998,0,1,1,0
ST-0093,2024-2025,Grade 8,D,4,74.63,67.29,74.69,86.55,74.42,70.31,83.52,75.79,75.9,1,99,1,1,0,98.25,Compassion,Displays kindness and empathy,RO,4,Demonstrates positive effort in class,Unknown,,,Unknown,,At Risk,0.99999999999,0.99999999999,0,1,1,1
ST-0094,2024-2025,Grade 6,D,4,78.25,70.99,76.01,72.49,85.51,82.96,79.63,92.78,79.83,0,100,0,0,0,100.0,Compassion,Demonstrates effort and perseverance,AO,4,Shows potential but needs more consistency,Unknown,,,Unknown,,Not At Risk,0.0,0.0,1,1,1,0
ST-0095,2024-2025,Grade 5,B,4,64.68,73.55,83.17,91.06,82.2,78.51,87.63,88.95,81.22,0,99,1,2,0,97.75,Integrity,Demonstrates effort and perseverance,RO,4,Needs follow-up on attendance and punctuality,Unknown,,,Unknown,,Not At Risk,0.99999999999,1.99999999998,1,1,1,0
ST-0096,2025-2026,Grade 10,B,1,81.61,72.26,80.62,58.98,67.57,88.09,86.53,80.23,76.99,0,99,1,1,0,98.25,Excellence,Practices honesty,NO,1,Shows potential but needs more consistency,Unknown,,,Unknown,,At Risk,0.99999999999,0.99999999999,0,1,1,1
ST-0097,2025-2026,Grade 10,B,1,61.55,67.27,70.46,64.32,59.86,69.99,69.06,68.21,66.34,3,96,4,3,1,93.5,Respect,Displays kindness and empathy,AO,1,Demonstrates positive effort in class,Mentoring,2025-01-15,Parent/guardian concern about performance,Improved,False,At Risk,3.99999999996,2.99999999997,0,1,1,1
ST-0098,2025-2026,Grade 10,A,2,74.86,87.35,86.18,82.11,70.51,84.18,85.7,81.94,81.6,0,98,2,3,2,96.0,Compassion,Shows respect to teachers and peers,AO,2,Demonstrates positive effort in class,Unknown,,,Unknown,,Not At Risk,1.99999999998,2.99999999997,0,1,1,0
ST-0099,2025-2026,Grade 10,D,3,74.24,72.46,77.61,91.84,78.22,73.9,86.54,89.04,80.48,0,100,0,2,1,99.0,Compassion,Practices honesty,NO,3,Needs follow-up on attendance and punctuality,Unknown,,,Unknown,,Not At Risk,0.0,1.99999999998,1,1,1,0
ST-0100,2025-2026,Grade 6,A,2,65.69,79.07,72.8,88.5,79.15,89.0,81.8,71.95,78.5,0,99,1,1,0,98.25,Responsibility,Practices honesty,SO,2,Demonstrates positive effort in class,Unknown,,,Unknown,,Not At Risk,0.99999999999,0.99999999999,0,1,1,0
ST-0101,2024-2025,Grade 7,D,4,80.59,84.28,95.2,81.05,87.4,74.57,88.31,81.83,84.15,0,100,0,1,0,99.5,Integrity,Displays kindness and empathy,SO,4,Demonstrates positive effort in class,Unknown,,,Unknown,,Not At Risk,0.0,0.99999999999,1,1,1,0
ST-0102,2024-2025,Grade 4,A,3,73.71,80.63,61.07,76.09,71.44,70.05,84.0,73.48,73.81,2,100,0,2,0,99.0,Compassion,Displays kindness and empathy,NO,3,Needs follow-up on attendance and punctuality,Unknown,,,Unknown,,At Risk,0.0,1.99999999998,0,1,1,1
ST-0103,2025-2026,Grade 10,B,4,78.44,77.93,76.32,75.58,74.91,81.45,84.44,60.0,76.13,0,94,6,3,2,91.0,Integrity,Completes assignments on time,SO,4,Demonstrates positive effort in class,Unknown,,,Unknown,,At Risk,5.99999999994,2.99999999997,0,1,1,1
ST-0104,2024-2025,Grade 5,D,4,69.09,66.1,71.33,57.07,74.84,74.03,76.68,68.21,69.67,3,100,0,1,0,99.5,Compassion,Displays kindness and empathy,NO,4,Demonstrates positive effort in class,Mentoring,2025-04-15,Parent/guardian concern about performance,Worsened,,At Risk,0.0,0.99999999999,0,1,1,1
ST-0105,2024-2025,Grade 10,C,1,86.24,86.39,86.0,87.66,72.7,76.54,74.82,86.1,82.06,0,99,1,2,1,97.75,Compassion,Completes assignments on time,AO,1,Improving steadily in class participation,Unknown,,,Unknown,,Not At Risk,0.99999999999,1.99999999998,0,1,1,0
ST-0106,2025-2026,Grade 10,D,1,83.16,88.61,70.22,77.11,73.47,87.53,80.85,73.4,79.29,0,100,0,1,1,99.5,Compassion,Completes assignments on time,AO,1,Demonstrates positive effort in class,Unknown,,,Unknown,,At Risk,0.0,0.99999999999,0,1,1,1
ST-0107,2025-2026,Grade 8,A,1,72.2,58.82,66.88,74.64,60.78,79.54,70.69,67.96,68.94,3,99,1,0,0,98.75,Respect,Completes assignments on time,NO,1,Improving steadily in class participation,Unknown,,,Unknown,,Not At Risk,0.99999999999,0.0,0,1,1,0
ST-0108,2025-2026,Grade 10,D,2,84.05,71.43,70.44,79.33,92.21,100.0,80.24,91.86,83.69,0,99,1,1,1,98.25,Integrity,Shows respect to teachers and peers,RO,2,Needs follow-up on attendance and punctuality,Unknown,,,Unknown,,Not At Risk,0.99999999999,0.99999999999,3,1,1,0
ST-0109,2024-2025,Grade 9,B,2,63.45,70.37,59.83,59.59,65.46,71.15,73.2,55.05,64.76,3,100,0,2,1,99.0,Integrity,Displays kindness and empathy,NO,2,Requires regular monitoring for academic progress,Unknown,,,Unknown,,At Risk,0.0,1.99999999998,0,1,1,1
ST-0110,2024-2025,Grade 10,A,4,82.78,73.47,95.63,78.53,74.24,82.73,80.89,91.65,82.49,0,100,0,2,1,99.0,Respect,Shows respect to teachers and peers,RO,4,Demonstrates positive effort in class,Unknown,,,Unknown,,Not At Risk,0.0,1.99999999998,2,1,1,0
ST-0111,2024-2025,Grade 4,B,4,100.0,84.73,90.01,80.92,96.83,74.89,93.3,89.99,88.83,0,100,0,1,1,99.5,Responsibility,Practices honesty,AO,4,Shows potential but needs more consistency,Unknown,,,Unknown,,Not At Risk,0.0,0.99999999999,4,1,1,0
ST-0112,2024-2025,Grade 4,B,4,81.83,75.57,86.53,86.4,72.15,67.93,77.45,79.23,78.39,1,99,1,0,0,98.75,Responsibility,Completes assignments on time,SO,4,Shows potential but needs more consistency,Unknown,,,Unknown,,Not At Risk,0.99999999999,0.0,0,1,1,0
ST-0113,2024-2025,Grade 8,B,4,69.45,70.84,79.88,93.58,79.31,81.06,77.47,69.81,77.68,0,96,4,4,0,93.0,Excellence,Demonstrates effort and perseverance,RO,4,Requires regular monitoring for academic progress,Unknown,,,Unknown,,At Risk,3.99999999996,3.99999999996,1,1,1,1
ST-0114,2025-2026,Grade 10,A,3,70.39,54.19,68.42,76.27,68.83,80.78,85.01,75.92,72.48,2,100,0,1,0,99.5,Respect,Shows respect to teachers and peers,SO,3,Requires regular monitoring for academic progress,Guidance Referral,2025-03-15,Behavior concerns affecting learning,Not Yet Evaluated,False,At Risk,0.0,0.99999999999,0,1,1,1
ST-0115,2024-2025,Grade 4,C,2,60.51,69.44,68.31,66.63,58.82,68.28,70.11,76.89,67.37,3,96,4,1,3,94.5,Responsibility,Shows respect to teachers and peers,RO,2,Improving steadily in class participation,Guidance Referral,2025-02-15,Parent/guardian concern about performance,Improved,False,At Risk,3.99999999996,0.99999999999,0,1,1,1
ST-0116,2024-2025,Grade 7,A,4,77.78,79.05,78.5,79.13,70.63,79.38,64.92,76.9,75.79,0,98,2,2,2,96.5,Respect,Shows respect to teachers and peers,NO,4,Needs follow-up on attendance and punctuality,Unknown,,,Unknown,,At Risk,1.99999999998,1.99999999998,0,1,1,1
ST-0117,2025-2026,Grade 6,A,3,75.67,89.63,75.19,79.55,82.36,87.41,72.72,77.24,79.97,0,100,0,1,0,99.5,Integrity,Displays kindness and empathy,NO,3,Demonstrates positive effort in class,Unknown,,,Unknown,,Not At Risk,0.0,0.99999999999,0,1,1,0
ST-0118,2024-2025,Grade 5,A,4,65.86,68.44,68.77,68.16,71.91,80.99,79.75,73.1,72.12,2,93,7,5,3,88.75,Compassion,Demonstrates effort and perseverance,RO,4,Needs follow-up on attendance and punctuality,Tutoring,2025-04-15,Parent/guardian concern about performance,Worsened,True,At Risk,6.99999999993,4.99999999995,0,1,1,1
ST-0119,2024-2025,Grade 7,C,4,68.84,79.09,93.86,98.56,93.18,86.0,76.92,74.52,83.87,0,100,0,1,1,99.5,Compassion,Shows respect to teachers and peers,AO,4,Improving steadily in class participation,Unknown,,,Unknown,,Not At Risk,0.0,0.99999999999,3,1,1,0
ST-0120,2024-2025,Grade 7,D,1,82.08,96.34,66.25,90.12,68.25,85.71,74.48,76.97,80.03,0,95,5,2,2,92.75,Responsibility,Completes assignments on time,AO,1,Needs follow-up on attendance and punctuality,Unknown,,,Unknown,,Not At Risk,4.99999999995,1.99999999998,2,1,1,0
ST-0121,2025-2026,Grade 10,C,4,80.07,84.32,85.08,94.81,77.29,80.14,87.59,89.5,84.85,0,100,0,1,1,99.5,Compassion,Shows respect to teachers and peers,AO,4,Shows potential but needs more consistency,Unknown,,,Unknown,,Not At Risk,0.0,0.99999999999,1,1,1,0
ST-0122,2024-2025,Grade 10,C,1,61.21,65.46,59.25,78.35,73.1,82.73,71.95,56.46,68.56,3,99,1,0,0,98.75,Integrity,Displays kindness and empathy,RO,1,Shows potential but needs more consistency,Tutoring,2025-01-15,Declining grades and low class participation,Improved,False,At Risk,0.99999999999,0.0,0,1,1,1
ST-0123,2025-2026,Grade 10,A,1,87.44,83.63,76.43,71.64,77.66,75.54,84.53,71.84,78.59,0,94,6,2,1,91.5,Responsibility,Displays kindness and empathy,SO,1,Needs follow-up on attendance and punctuality,Unknown,,,Unknown,,At Risk,5.99999999994,1.99999999998,0,1,1,1
ST-0124,2025-2026,Grade 5,A,2,81.1,85.65,78.81,91.09,76.38,75.34,87.14,100.0,84.44,0,99,1,0,0,98.75,Integrity,Displays kindness and empathy,SO,2,Requires regular monitoring for academic progress,Unknown,,,Unknown,,Not At Risk,0.99999999999,0.0,2,1,1,0
ST-0125,2025-2026,Grade 7,C,2,70.34,59.35,60.96,76.35,68.39,73.77,69.66,74.32,69.14,3,99,1,2,1,97.75,Responsibility,Completes assignments on time,RO,2,Improving steadily in class participation,Parent/Guardian Conference,2025-02-15,Parent/guardian concern about performance,Worsened,False,At Risk,0.99999999999,1.99999999998,0,1,1,1
ST-0126,2025-2026,Grade 10,C,1,92.72,96.37,88.56,69.02,91.13,80.65,84.0,83.79,85.78,0,100,0,1,0,99.5,Excellence,Completes assignments on time,AO,1,Improving steadily in class participation,Unknown,,,Unknown,,Not At Risk,0.0,0.99999999999,3,1,1,0
ST-0127,2025-2026,Grade 9,B,3,63.15,70.12,82.39,77.17,65.9,63.62,69.52,78.01,71.23,2,93,7,4,1,89.25,Excellence,Demonstrates effort and perseverance,NO,3,Needs follow-up on attendance and punctuality,Behavioral Monitoring,2025-03-15,Low attendance and poor engagement,No Change,False,At Risk,6.99999999993,3.99999999996,0,1,1,1
ST-0128,2024-2025,Grade 9,B,4,95.08,71.12,57.11,93.77,79.39,78.14,64.66,67.07,75.79,0,99,1,0,1,98.75,Respect,Completes assignments on time,NO,4,Needs follow-up on attendance and punctuality,Unknown,,,Unknown,,At Risk,0.99999999999,0.0,2,1,1,1
ST-0129,2025-2026,Grade 5,A,3,90.11,87.75,85.32,85.75,75.5,95.04,100.0,82.59,87.76,0,100,0,1,1,99.5,Excellence,Completes assignments on time,AO,3,Improving steadily in class participation,Unknown,,,Unknown,,Not At Risk,0.0,0.99999999999,3,1,1,0
ST-0130,2025-2026,Grade 4,A,3,72.55,74.25,92.02,63.97,59.47,92.65,83.16,64.41,75.31,1,100,0,1,1,99.5,Integrity,Demonstrates effort and perseverance,SO,3,Requires regular monitoring for academic progress,Academic Monitoring,2025-03-15,Declining grades and low class participation,No Change,False,At Risk,0.0,0.99999999999,2,1,1,1
ST-0131,2025-2026,Grade 9,C,3,58.75,71.36,61.42,76.5,60.66,63.03,71.51,66.26,66.19,3,97,3,0,3,96.25,Excellence,Practices honesty,RO,3,Improving steadily in class participation,Guidance Referral,2025-03-15,Need for academic support and monitoring,Worsened,False,Not At Risk,2.99999999997,0.0,0,1,1,0
ST-0132,2025-2026,Grade 7,C,2,83.44,89.46,95.37,88.55,81.62,81.56,79.45,92.1,86.44,0,99,1,1,1,98.25,Integrity,Demonstrates effort and perseverance,RO,2,Demonstrates positive effort in class,Unknown,,,Unknown,,Not At Risk,0.99999999999,0.99999999999,2,1,1,0
ST-0133,2024-2025,Grade 7,C,1,68.86,78.82,84.21,79.73,88.31,78.48,86.31,78.99,80.46,0,100,0,0,0,100.0,Responsibility,Completes assignments on time,AO,1,Requires regular monitoring for academic progress,Unknown,,,Unknown,,Not At Risk,0.0,0.0,0,1,1,0
ST-0134,2025-2026,Grade 6,A,1,83.05,93.94,94.85,75.46,78.34,79.71,79.76,89.81,84.37,0,100,0,1,1,99.5,Excellence,Shows respect to teachers and peers,RO,1,Needs follow-up on attendance and punctuality,Unknown,,,Unknown,,Not At Risk,0.0,0.99999999999,2,1,1,0
ST-0135,2025-2026,Grade 7,C,4,86.32,90.37,74.1,75.32,76.75,89.15,93.88,75.35,82.66,0,100,0,1,0,99.5,Compassion,Displays kindness and empathy,AO,4,Needs follow-up on attendance and punctuality,Unknown,,,Unknown,,Not At Risk,0.0,0.99999999999,2,1,1,0
ST-0136,2025-2026,Grade 10,A,2,66.06,76.01,64.42,63.98,71.45,83.54,68.8,54.88,68.64,3,99,1,2,1,97.75,Excellence,Practices honesty,AO,2,Improving steadily in class participation,Unknown,,,Unknown,,Not At Risk,0.99999999999,1.99999999998,0,1,1,0
ST-0137,2024-2025,Grade 5,B,2,76.11,72.47,82.64,70.41,76.0,76.82,87.99,80.68,77.89,0,95,5,1,3,93.25,Responsibility,Displays kindness and empathy,RO,2,Shows potential but needs more consistency,Unknown,,,Unknown,,At Risk,4.99999999995,0.99999999999,0,1,1,1
ST-0138,2025-2026,Grade 4,D,1,63.55,61.86,70.3,79.94,85.4,74.54,73.4,71.02,72.5,2,99,1,1,1,98.25,Compassion,Displays kindness and empathy,AO,1,Demonstrates positive effort in class,Unknown,,,Unknown,,Not At Risk,0.99999999999,0.99999999999,0,1,1,0
ST-0139,2025-2026,Grade 10,C,4,64.11,70.02,55.82,67.23,72.17,62.63,62.99,59.62,64.32,3,100,0,0,0,100.0,Compassion,Displays kindness and empathy,NO,4,Needs follow-up on attendance and punctuality,Unknown,,,Unknown,,At Risk,0.0,0.0,0,1,1,1
ST-0140,2024-2025,Grade 5,B,1,78.06,74.97,82.9,74.01,91.5,86.4,80.08,89.68,82.2,0,100,0,2,1,99.0,Responsibility,Demonstrates effort and perseverance,AO,1,Demonstrates positive effort in class,Unknown,,,Unknown,,Not At Risk,0.0,1.99999999998,1,1,1,0
ST-0141,2025-2026,Grade 8,C,2,85.4,86.27,86.47,69.44,86.84,94.13,81.84,85.38,84.47,0,100,0,2,0,99.0,Compassion,Demonstrates effort and perseverance,RO,2,Needs follow-up on attendance and punctuality,Unknown,,,Unknown,,Not At Risk,0.0,1.99999999998,1,1,1,0
ST-0142,2025-2026,Grade 10,A,4,63.73,70.53,78.24,78.18,61.6,69.37,74.56,66.9,70.39,2,99,1,1,1,98.25,Responsibility,Displays kindness and empathy,NO,4,Improving steadily in class participation,Unknown,,,Unknown,,At Risk,0.99999999999,0.99999999999,0,1,1,1
ST-0143,2024-2025,Grade 7,C,2,81.0,69.78,87.59,92.23,81.04,77.31,74.2,84.18,80.92,0,96,4,2,0,94.0,Respect,Displays kindness and empathy,RO,2,Requires regular monitoring for academic progress,Unknown,,,Unknown,,At Risk,3.99999999996,1.99999999998,1,1,1,1
ST-0144,2024-2025,Grade 4,A,2,70.74,78.13,80.32,79.55,86.74,76.77,70.41,77.64,77.54,1,100,0,2,0,99.0,Responsibility,Completes assignments on time,NO,2,Demonstrates positive effort in class,Unknown,,,Unknown,,At Risk,0.0,1.99999999998,0,1,1,1
ST-0145,2024-2025,Grade 5,B,2,73.87,65.05,63.6,62.23,64.95,66.33,77.99,74.27,68.54,3,94,6,0,0,92.5,Responsibility,Shows respect to teachers and peers,RO,2,Needs follow-up on attendance and punctuality,Tutoring,2025-02-15,Parent/guardian concern about performance,No Change,,At Risk,5.99999999994,0.0,0,1,1,1
ST-0146,2025-2026,Grade 9,A,3,88.2,75.5,76.18,77.1,83.33,73.33,72.25,73.02,77.36,0,99,1,2,0,97.75,Excellence,Practices honesty,AO,3,Improving steadily in class participation,Unknown,,,Unknown,,Not At Risk,0.99999999999,1.99999999998,0,1,1,0
ST-0147,2025-2026,Grade 6,B,1,64.65,61.66,61.7,50.0,59.42,59.1,72.77,64.47,61.72,3,99,1,4,3,96.75,Respect,Shows respect to teachers and peers,NO,1,Shows potential but needs more consistency,Mentoring,2025-01-15,Low attendance and poor engagement,No Change,,At Risk,0.99999999999,3.99999999996,0,1,1,1
ST-0148,2024-2025,Grade 9,B,3,83.05,78.76,83.02,76.83,64.67,94.46,81.92,89.62,81.54,0,99,1,2,1,97.75,Respect,Completes assignments on time,SO,3,Shows potential but needs more consistency,Unknown,,,Unknown,,Not At Risk,0.99999999999,1.99999999998,1,1,1,0
ST-0149,2025-2026,Grade 8,D,4,70.13,62.94,80.92,76.54,80.48,76.36,76.66,78.84,75.36,1,100,0,0,1,100.0,Excellence,Demonstrates effort and perseverance,RO,4,Improving steadily in class participation,Unknown,,,Unknown,,At Risk,0.0,0.0,0,1,1,1
ST-0150,2025-2026,Grade 8,A,4,65.66,87.94,55.45,69.61,88.74,82.98,88.2,91.39,78.75,0,94,6,5,0,90.0,Compassion,Shows respect to teachers and peers,RO,4,Requires regular monitoring for academic progress,Unknown,,,Unknown,,At Risk,5.99999999994,4.99999999995,1,1,1,1
ST-0151,2024-2025,Grade 8,D,4,85.63,83.27,69.07,99.2,78.39,78.12,78.36,80.17,81.53,0,96,4,4,3,93.0,Excellence,Demonstrates effort and perseverance,NO,4,Improving steadily in class participation,Unknown,,,Unknown,,At Risk,3.99999999996,3.99999999996,1,1,1,1
ST-0152,2025-2026,Grade 6,C,1,85.68,74.44,83.42,78.06,81.84,87.56,86.71,85.35,82.88,0,100,0,1,1,99.5,Respect,Shows respect to teachers and peers,SO,1,Improving steadily in class participation,Unknown,,,Unknown,,Not At Risk,0.0,0.99999999999,0,1,1,0
ST-0153,2025-2026,Grade 5,D,1,66.1,70.92,64.06,61.99,56.25,56.58,78.02,76.55,66.31,3,96,4,3,2,93.5,Integrity,Demonstrates effort and perseverance,NO,1,Improving steadily in class participation,Academic Monitoring,2025-01-15,Parent/guardian concern about performance,Improved,,At Risk,3.99999999996,2.99999999997,0,1,1,1
ST-0154,2024-2025,Grade 9,B,1,72.62,81.0,98.65,79.21,81.8,76.12,100.0,76.98,83.3,0,100,0,0,0,100.0,Compassion,Demonstrates effort and perseverance,SO,1,Needs follow-up on attendance and punctuality,Unknown,,,Unknown,,Not At Risk,0.0,0.0,2,1,1,0
ST-0155,2024-2025,Grade 5,B,3,85.6,80.58,70.17,78.65,78.12,69.55,73.38,77.92,76.75,0,99,1,2,1,97.75,Integrity,Shows respect to teachers and peers,NO,3,Requires regular monitoring for academic progress,Unknown,,,Unknown,,At Risk,0.99999999999,1.99999999998,0,1,1,1
ST-0156,2024-2025,Grade 4,D,2,62.68,61.1,77.97,70.84,68.16,76.08,61.47,72.63,68.87,3,95,5,4,2,91.75,Respect,Practices honesty,SO,2,Demonstrates positive effort in class,Guidance Referral,2025-02-15,Frequent absences and missing assignments,Not Yet Evaluated,False,At Risk,4.99999999995,3.99999999996,0,1,1,1
ST-0157,2025-2026,Grade 10,C,1,77.79,57.2,78.58,61.88,60.22,58.73,59.56,65.63,64.95,3,99,1,2,0,97.75,Responsibility,Completes assignments on time,AO,1,Requires regular monitoring for academic progress,Unknown,,,Unknown,,Not At Risk,0.99999999999,1.99999999998,0,1,1,0
ST-0158,2024-2025,Grade 7,A,4,50.0,72.52,86.17,73.43,57.35,61.98,59.5,58.25,64.9,3,100,0,2,1,99.0,Excellence,Completes assignments on time,AO,4,Demonstrates positive effort in class,Mentoring,2025-04-15,Parent/guardian concern about performance,Ongoing,False,At Risk,0.0,1.99999999998,0,1,1,1
ST-0159,2025-2026,Grade 4,C,2,79.2,100.0,78.31,79.36,72.92,81.48,84.66,82.62,82.32,0,100,0,0,1,100.0,Respect,Displays kindness and empathy,RO,2,Demonstrates positive effort in class,Unknown,,,Unknown,,Not At Risk,0.0,0.0,1,1,1,0
ST-0160,2024-2025,Grade 7,C,3,62.64,72.06,69.03,84.0,71.25,76.87,91.96,85.28,76.64,1,99,1,1,1,98.25,Responsibility,Practices honesty,SO,3,Shows potential but needs more consistency,Unknown,,,Unknown,,At Risk,0.99999999999,0.99999999999,1,1,1,1
ST-0161,2024-2025,Grade 8,D,1,81.12,80.94,82.15,70.01,74.52,78.23,80.91,88.06,79.49,0,95,5,2,0,92.75,Excellence,Shows respect to teachers and peers,RO,1,Requires regular monitoring for academic progress,Unknown,,,Unknown,,At Risk,4.99999999995,1.99999999998,0,1,1,1
ST-0162,2024-2025,Grade 9,A,3,88.65,84.74,70.08,81.05,72.97,71.31,75.26,77.39,77.68,0,97,3,4,2,94.25,Compassion,Shows respect to teachers and peers,NO,3,Requires regular monitoring for academic progress,Unknown,,,Unknown,,At Risk,2.99999999997,3.99999999996,0,1,1,1
ST-0163,2024-2025,Grade 4,A,1,89.23,88.0,84.31,72.65,89.44,100.0,89.64,82.24,86.94,0,100,0,1,0,99.5,Excellence,Shows respect to teachers and peers,AO,1,Requires regular monitoring for academic progress,Unknown,,,Unknown,,Not At Risk,0.0,0.99999999999,1,1,1,0
ST-0164,2025-2026,Grade 9,A,3,84.35,75.62,74.9,73.03,77.31,82.15,82.89,87.13,79.67,0,100,0,1,1,99.5,Compassion,Practices honesty,AO,3,Improving steadily in class participation,Unknown,,,Unknown,,Not At Risk,0.0,0.99999999999,0,1,1,0
ST-0165,2024-2025,Grade 6,B,2,76.84,94.52,80.51,93.47,72.29,91.15,83.17,86.11,84.76,0,99,1,0,0,98.75,Responsibility,Displays kindness and empathy,RO,2,Shows potential but needs more consistency,Unknown,,,Unknown,,Not At Risk,0.99999999999,0.0,3,1,1,0
ST-0166,2024-2025,Grade 4,A,4,65.33,74.45,81.87,84.04,85.71,71.89,81.8,74.57,77.46,0,96,4,0,1,95.0,Excellence,Completes assignments on time,AO,4,Requires regular monitoring for academic progress,Unknown,,,Unknown,,At Risk,3.99999999996,0.0,0,1,1,1
ST-0167,2024-2025,Grade 7,B,2,90.38,93.52,85.13,82.64,83.72,78.71,84.47,89.62,86.02,0,99,1,1,1,98.25,Respect,Shows respect to teachers and peers,AO,2,Needs follow-up on attendance and punctuality,Unknown,,,Unknown,,Not At Risk,0.99999999999,0.99999999999,2,1,1,0
ST-0168,2024-2025,Grade 9,C,3,72.81,88.56,83.58,79.58,81.09,100.0,84.38,89.85,84.98,0,99,1,1,1,98.25,Integrity,Completes assignments on time,RO,3,Improving steadily in class participation,Unknown,,,Unknown,,At Risk,0.99999999999,0.99999999999,1,1,1,1
ST-0169,2024-2025,Grade 8,C,2,57.69,68.2,73.42,72.68,54.04,67.25,61.39,58.57,64.16,3,98,2,0,2,97.5,Responsibility,Demonstrates effort and perseverance,SO,2,Demonstrates positive effort in class,Academic Monitoring,2025-02-15,Parent/guardian concern about performance,Ongoing,True,At Risk,1.99999999998,0.0,0,1,1,1
ST-0170,2024-2025,Grade 9,C,1,71.74,78.94,77.27,79.43,72.19,61.05,67.83,71.14,72.45,2,99,1,2,1,97.75,Responsibility,Shows respect to teachers and peers,AO,1,Shows potential but needs more consistency,Unknown,,,Unknown,,Not At Risk,0.99999999999,1.99999999998,0,1,1,0
ST-0171,2024-2025,Grade 8,D,2,84.59,71.36,78.05,74.96,69.01,64.98,79.62,78.71,75.16,0,93,7,4,1,89.25,Excellence,Practices honesty,SO,2,Improving steadily in class participation,Unknown,,,Unknown,,At Risk,6.99999999993,3.99999999996,0,1,1,1
ST-0172,2025-2026,Grade 10,D,3,79.31,77.77,87.07,88.29,83.04,98.24,79.6,97.81,86.39,0,100,0,0,1,100.0,Respect,Demonstrates effort and perseverance,SO,3,Shows potential but needs more consistency,Unknown,,,Unknown,,Not At Risk,0.0,0.0,2,1,1,0
ST-0173,2025-2026,Grade 9,B,3,74.87,86.16,65.96,72.22,84.42,77.16,80.98,86.59,78.55,0,96,4,1,2,94.5,Excellence,Displays kindness and empathy,RO,3,Demonstrates positive effort in class,Unknown,,,Unknown,,At Risk,3.99999999996,0.99999999999,0,1,1,1
ST-0174,2024-2025,Grade 10,A,2,72.74,83.6,67.4,75.78,78.17,76.08,81.95,79.76,76.94,0,100,0,0,1,100.0,Respect,Demonstrates effort and perseverance,SO,2,Shows potential but needs more consistency,Unknown,,,Unknown,,At Risk,0.0,0.0,0,1,1,1
ST-0175,2025-2026,Grade 7,C,1,77.52,85.21,75.03,71.46,82.83,86.54,77.19,78.16,79.24,0,100,0,0,0,100.0,Compassion,Practices honesty,AO,1,Needs follow-up on attendance and punctuality,Unknown,,,Unknown,,At Risk,0.0,0.0,0,1,1,1
ST-0176,2025-2026,Grade 7,B,1,81.13,71.69,81.52,74.29,71.43,73.5,86.72,71.59,76.48,0,98,2,2,0,96.5,Respect,Demonstrates effort and perseverance,AO,1,Needs follow-up on attendance and punctuality,Unknown,,,Unknown,,Not At Risk,1.99999999998,1.99999999998,0,1,1,0
ST-0177,2025-2026,Grade 9,D,4,89.1,79.06,70.69,84.1,85.22,83.18,93.33,86.47,83.89,0,99,1,2,0,97.75,Excellence,Demonstrates effort and perseverance,AO,4,Shows potential but needs more consistency,Unknown,,,Unknown,,Not At Risk,0.99999999999,1.99999999998,1,1,1,0
ST-0178,2025-2026,Grade 5,C,1,79.78,83.51,82.81,90.67,80.75,84.23,86.55,67.34,81.96,0,100,0,2,0,99.0,Responsibility,Completes assignments on time,AO,1,Improving steadily in class participation,Unknown,,,Unknown,,Not At Risk,0.0,1.99999999998,1,1,1,0
ST-0179,2025-2026,Grade 5,A,1,74.23,76.28,82.73,84.89,74.23,87.74,63.77,86.92,78.85,0,99,1,2,0,97.75,Compassion,Practices honesty,NO,1,Improving steadily in class participation,Unknown,,,Unknown,,Not At Risk,0.99999999999,1.99999999998,0,1,1,0
ST-0180,2024-2025,Grade 4,D,4,79.63,70.17,85.73,85.83,78.58,81.15,77.11,72.56,78.84,0,99,1,2,3,97.75,Compassion,Practices honesty,AO,4,Requires regular monitoring for academic progress,Unknown,,,Unknown,,Not At Risk,0.99999999999,1.99999999998,0,1,1,0
ST-0181,2025-2026,Grade 6,B,4,79.14,91.27,75.08,88.67,97.37,84.92,92.02,74.05,85.31,0,99,1,1,1,98.25,Responsibility,Practices honesty,AO,4,Shows potential but needs more consistency,Unknown,,,Unknown,,Not At Risk,0.99999999999,0.99999999999,3,1,1,0
ST-0182,2024-2025,Grade 7,D,2,79.92,69.41,79.82,93.28,75.96,81.17,83.97,81.18,80.59,0,99,1,1,1,98.25,Compassion,Displays kindness and empathy,AO,2,Requires regular monitoring for academic progress,Unknown,,,Unknown,,Not At Risk,0.99999999999,0.99999999999,1,1,1,0
ST-0183,2025-2026,Grade 6,A,4,66.42,72.09,83.57,90.1,70.17,88.16,66.18,79.04,76.97,1,99,1,1,0,98.25,Responsibility,Displays kindness and empathy,RO,4,Demonstrates positive effort in class,Unknown,,,Unknown,,At Risk,0.99999999999,0.99999999999,1,1,1,1
ST-0184,2025-2026,Grade 10,A,1,64.63,64.22,54.04,74.95,62.4,78.6,79.12,68.06,68.25,3,98,2,0,2,97.5,Respect,Practices honesty,NO,1,Requires regular monitoring for academic progress,Tutoring,2025-01-15,Frequent absences and missing assignments,Ongoing,,Not At Risk,1.99999999998,0.0,0,1,1,0
ST-0185,2024-2025,Grade 4,D,1,69.25,81.23,64.16,70.01,63.53,68.74,77.39,70.5,70.6,2,99,1,2,0,97.75,Excellence,Completes assignments on time,NO,1,Requires regular monitoring for academic progress,Attendance Monitoring,2025-01-15,Parent/guardian concern about performance,Worsened,False,At Risk,0.99999999999,1.99999999998,0,1,1,1
ST-0186,2025-2026,Grade 9,D,3,86.3,84.86,77.04,83.94,91.02,83.15,83.23,77.48,83.38,0,100,0,1,1,99.5,Compassion,Shows respect to teachers and peers,AO,3,Demonstrates positive effort in class,Unknown,,,Unknown,,Not At Risk,0.0,0.99999999999,1,1,1,0
ST-0187,2025-2026,Grade 8,B,1,78.32,91.69,69.68,67.39,79.71,83.51,74.01,72.78,77.14,0,94,6,3,2,91.0,Excellence,Displays kindness and empathy,SO,1,Demonstrates positive effort in class,Unknown,,,Unknown,,At Risk,5.99999999994,2.99999999997,1,1,1,1
ST-0188,2024-2025,Grade 10,A,2,57.9,65.98,77.63,83.21,86.94,69.89,66.59,70.27,72.3,2,96,4,0,0,95.0,Integrity,Displays kindness and empathy,AO,2,Demonstrates positive effort in class,Parent/Guardian Conference,2025-02-15,Behavior concerns affecting learning,Worsened,False,At Risk,3.99999999996,0.0,0,1,1,1
ST-0189,2024-2025,Grade 6,A,2,80.52,60.82,74.93,69.9,73.99,68.49,76.15,65.22,71.25,2,99,1,0,0,98.75,Responsibility,Shows respect to teachers and peers,RO,2,Requires regular monitoring for academic progress,Parent/Guardian Conference,2025-02-15,Need for academic support and monitoring,Worsened,False,At Risk,0.99999999999,0.0,0,1,1,1
ST-0190,2024-2025,Grade 6,D,3,85.13,84.62,74.85,81.86,76.68,82.52,79.3,76.8,80.22,0,100,0,2,0,99.0,Respect,Completes assignments on time,RO,3,Improving steadily in class participation,Unknown,,,Unknown,,Not At Risk,0.0,1.99999999998,0,1,1,0
ST-0191,2025-2026,Grade 4,C,1,75.47,76.22,85.89,70.76,72.79,58.91,69.02,74.64,72.96,2,99,1,1,0,98.25,Integrity,Demonstrates effort and perseverance,NO,1,Needs follow-up on attendance and punctuality,Unknown,,,Unknown,,At Risk,0.99999999999,0.99999999999,0,1,1,1
ST-0192,2025-2026,Grade 5,B,3,71.58,75.97,90.26,93.83,71.24,91.13,78.5,83.53,82.0,0,99,1,1,1,98.25,Compassion,Demonstrates effort and perseverance,RO,3,Improving steadily in class participation,Unknown,,,Unknown,,Not At Risk,0.99999999999,0.99999999999,3,1,1,0
ST-0193,2025-2026,Grade 9,A,4,71.42,81.85,72.04,77.35,72.62,73.1,80.25,72.5,75.14,1,100,0,0,0,100.0,Integrity,Practices honesty,AO,4,Requires regular monitoring for academic progress,Unknown,,,Unknown,,Not At Risk,0.0,0.0,0,1,1,0
ST-0194,2025-2026,Grade 4,C,2,64.68,83.06,94.56,89.38,91.74,87.26,91.64,79.62,85.24,0,97,3,4,3,94.25,Compassion,Shows respect to teachers and peers,SO,2,Improving steadily in class participation,Unknown,,,Unknown,,Not At Risk,2.99999999997,3.99999999996,3,1,1,0
ST-0195,2024-2025,Grade 4,B,4,78.62,85.57,70.12,75.79,68.82,69.11,63.93,77.21,73.65,2,99,1,0,0,98.75,Responsibility,Demonstrates effort and perseverance,SO,4,Requires regular monitoring for academic progress,Unknown,,,Unknown,,At Risk,0.99999999999,0.0,0,1,1,1
ST-0196,2025-2026,Grade 6,C,3,87.76,78.92,85.59,95.53,78.15,93.65,86.74,78.25,85.57,0,100,0,2,0,99.0,Respect,Demonstrates effort and perseverance,AO,3,Improving steadily in class participation,Unknown,,,Unknown,,Not At Risk,0.0,1.99999999998,2,1,1,0
ST-0197,2025-2026,Grade 4,C,2,77.89,54.59,60.13,70.27,67.6,70.46,67.99,72.46,67.67,3,100,0,2,0,99.0,Excellence,Practices honesty,SO,2,Requires regular monitoring for academic progress,Unknown,,,Unknown,,At Risk,0.0,1.99999999998,0,1,1,1
ST-0198,2024-2025,Grade 9,A,3,59.56,67.7,69.96,72.24,74.59,66.64,79.94,77.64,71.03,1,94,6,2,3,91.5,Responsibility,Demonstrates effort and perseverance,SO,3,Shows potential but needs more consistency,Unknown,,,Unknown,,At Risk,5.99999999994,1.99999999998,0,1,1,1
ST-0199,2025-2026,Grade 4,C,1,83.01,80.83,72.27,61.04,98.45,84.08,83.91,84.22,80.98,0,100,0,2,0,99.0,Respect,Demonstrates effort and perseverance,AO,1,Demonstrates positive effort in class,Unknown,,,Unknown,,Not At Risk,0.0,1.99999999998,1,1,1,0
ST-0200,2025-2026,Grade 4,D,4,73.71,73.13,67.52,69.06,77.62,81.84,80.44,71.08,74.3,1,93,7,0,2,91.25,Compassion,Displays kindness and empathy,SO,4,Requires regular monitoring for academic progress,Unknown,,,Unknown,,At Risk,6.99999999993,0.0,0,1,1,1
ST-0201,2024-2025,Grade 10,C,2,76.3,82.8,95.19,85.61,83.71,89.86,83.76,66.16,82.92,0,100,0,0,1,100.0,Compassion,Shows respect to teachers and peers,RO,2,Needs follow-up on attendance and punctuality,Unknown,,,Unknown,,Not At Risk,0.0,0.0,1,1,1,0
ST-0202,2024-2025,Grade 6,D,4,71.55,81.93,71.99,68.67,72.36,72.59,64.31,67.47,71.36,2,99,1,1,1,98.25,Compassion,Displays kindness and empathy,NO,4,Shows potential but needs more consistency,Attendance Monitoring,2025-04-15,Declining grades and low class participation,Worsened,True,Not At Risk,0.99999999999,0.99999999999,0,1,1,0
ST-0203,2024-2025,Grade 6,D,2,92.08,79.97,82.19,83.53,91.89,100.0,75.28,81.1,85.75,0,100,0,2,0,99.0,Respect,Displays kindness and empathy,AO,2,Needs follow-up on attendance and punctuality,Unknown,,,Unknown,,Not At Risk,0.0,1.99999999998,3,1,1,0
ST-0204,2025-2026,Grade 9,C,2,86.21,83.55,53.92,100.0,100.0,81.34,88.43,80.0,84.18,0,100,0,1,0,99.5,Excellence,Completes assignments on time,SO,2,Demonstrates positive effort in class,Unknown,,,Unknown,,Not At Risk,0.0,0.99999999999,2,1,1,0
ST-0205,2024-2025,Grade 8,B,4,77.25,81.77,89.44,91.14,88.24,69.34,80.47,95.45,84.14,0,99,1,0,1,98.75,Excellence,Completes assignments on time,NO,4,Needs follow-up on attendance and punctuality,Unknown,,,Unknown,,Not At Risk,0.99999999999,0.0,2,1,1,0
ST-0206,2024-2025,Grade 8,A,2,84.1,66.8,75.94,87.73,65.84,91.03,99.65,72.31,80.42,0,100,0,2,0,99.0,Excellence,Demonstrates effort and perseverance,AO,2,Needs follow-up on attendance and punctuality,Unknown,,,Unknown,,Not At Risk,0.0,1.99999999998,2,1,1,0
ST-0207,2024-2025,Grade 8,B,2,73.15,84.58,73.01,75.78,72.31,95.63,80.65,84.03,79.89,0,100,0,0,1,100.0,Integrity,Completes assignments on time,AO,2,Improving steadily in class participation,Unknown,,,Unknown,,Not At Risk,0.0,0.0,1,1,1,0
ST-0208,2024-2025,Grade 4,B,4,78.69,86.79,83.07,86.82,84.58,78.71,82.76,95.95,84.67,0,99,1,1,1,98.25,Excellence,Shows respect to teachers and peers,RO,4,Demonstrates positive effort in class,Unknown,,,Unknown,,Not At Risk,0.99999999999,0.99999999999,1,1,1,0
ST-0209,2025-2026,Grade 10,A,2,71.49,77.78,79.27,79.64,79.24,90.29,77.96,95.93,81.45,0,100,0,1,1,99.5,Responsibility,Practices honesty,AO,2,Demonstrates positive effort in class,Unknown,,,Unknown,,Not At Risk,0.0,0.99999999999,2,1,1,0
ST-0210,2024-2025,Grade 9,A,2,85.95,87.41,76.21,83.03,70.65,75.71,85.62,90.21,81.85,0,100,0,2,1,99.0,Respect,Shows respect to teachers and peers,SO,2,Shows potential but needs more consistency,Unknown,,,Unknown,,Not At Risk,0.0,1.99999999998,1,1,1,0
ST-0211,2025-2026,Grade 9,C,1,60.99,79.77,75.34,86.91,83.32,64.97,72.24,77.1,75.08,0,100,0,2,0,99.0,Compassion,Practices honesty,SO,1,Needs follow-up on attendance and punctuality,Unknown,,,Unknown,,Not At Risk,0.0,1.99999999998,0,1,1,0
ST-0212,2024-2025,Grade 4,B,2,74.89,61.48,65.94,72.26,67.09,65.61,63.39,76.2,68.36,3,100,0,2,0,99.0,Compassion,Shows respect to teachers and peers,RO,2,Improving steadily in class participation,Parent/Guardian Conference,2025-02-15,Declining grades and low class participation,Ongoing,False,Not At Risk,0.0,1.99999999998,0,1,1,0
ST-0213,2024-2025,Grade 9,C,3,72.44,68.61,74.24,68.57,79.57,74.75,70.0,81.82,73.75,1,93,7,0,1,91.25,Respect,Practices honesty,SO,3,Requires regular monitoring for academic progress,Unknown,,,Unknown,,At Risk,6.99999999993,0.0,0,1,1,1
ST-0214,2024-2025,Grade 6,D,2,76.14,80.78,85.0,79.5,85.31,75.51,88.22,82.8,81.66,0,99,1,2,1,97.75,Compassion,Demonstrates effort and perseverance,SO,2,Requires regular monitoring for academic progress,Unknown,,,Unknown,,Not At Risk,0.99999999999,1.99999999998,0,1,1,0
ST-0215,2025-2026,Grade 5,D,4,79.4,79.6,90.54,81.64,91.22,91.44,90.56,51.98,82.05,0,97,3,2,2,95.25,Responsibility,Displays kindness and empathy,RO,4,Needs follow-up on attendance and punctuality,Unknown,,,Unknown,,Not At Risk,2.99999999997,1.99999999998,4,1,1,0
ST-0216,2024-2025,Grade 6,C,3,62.09,72.7,83.61,76.95,90.41,66.89,74.02,83.01,76.21,0,99,1,0,0,98.75,Compassion,Practices honesty,RO,3,Demonstrates positive effort in class,Unknown,,,Unknown,,At Risk,0.99999999999,0.0,1,1,1,1
ST-0217,2024-2025,Grade 10,C,3,89.17,70.37,81.5,79.68,81.57,72.71,72.34,85.12,79.06,0,98,2,3,0,96.0,Compassion,Displays kindness and empathy,AO,3,Shows potential but needs more consistency,Unknown,,,Unknown,,Not At Risk,1.99999999998,2.99999999997,0,1,1,0
ST-0218,2025-2026,Grade 7,A,4,79.33,92.43,86.52,90.4,88.53,85.75,92.94,89.02,88.11,0,99,1,2,0,97.75,Excellence,Displays kindness and empathy,AO,4,Needs follow-up on attendance and punctuality,Unknown,,,Unknown,,Not At Risk,0.99999999999,1.99999999998,3,1,1,0
ST-0219,2024-2025,Grade 10,A,2,63.24,67.06,74.01,51.91,56.55,80.67,77.51,73.67,68.08,3,94,6,0,3,92.5,Excellence,Displays kindness and empathy,NO,2,Demonstrates positive effort in class,Parent/Guardian Conference,2025-02-15,Behavior concerns affecting learning,Ongoing,False,At Risk,5.99999999994,0.0,0,1,1,1
ST-0220,2024-2025,Grade 6,B,2,66.71,77.2,79.21,81.54,70.4,78.71,83.28,76.91,76.75,1,97,3,2,0,95.25,Integrity,Completes assignments on time,RO,2,Requires regular monitoring for academic progress,Academic Monitoring,2025-02-15,Declining grades and low class participation,Worsened,True,Not At Risk,2.99999999997,1.99999999998,0,1,1,0
ST-0221,2025-2026,Grade 8,C,3,92.4,85.73,77.89,67.13,89.27,86.39,77.8,74.32,81.37,0,97,3,3,3,94.75,Responsibility,Demonstrates effort and perseverance,RO,3,Needs follow-up on attendance and punctuality,Unknown,,,Unknown,,At Risk,2.99999999997,2.99999999997,1,1,1,1
ST-0222,2025-2026,Grade 7,B,3,91.42,84.92,77.71,90.65,89.83,96.52,81.69,81.25,86.75,0,100,0,2,1,99.0,Compassion,Demonstrates effort and perseverance,AO,3,Demonstrates positive effort in class,Unknown,,,Unknown,,Not At Risk,0.0,1.99999999998,3,1,1,0
ST-0223,2025-2026,Grade 8,D,2,77.06,88.07,87.18,73.65,85.13,76.14,87.33,74.04,81.08,0,100,0,1,0,99.5,Integrity,Shows respect to teachers and peers,RO,2,Requires regular monitoring for academic progress,Unknown,,,Unknown,,Not At Risk,0.0,0.99999999999,0,1,1,0
ST-0224,2025-2026,Grade 6,A,4,74.31,66.23,62.02,74.69,86.49,83.21,88.9,63.32,74.9,2,99,1,0,0,98.75,Compassion,Displays kindness and empathy,AO,4,Requires regular monitoring for academic progress,Attendance Monitoring,2025-04-15,Need for academic support and monitoring,Not Yet Evaluated,,At Risk,0.99999999999,0.0,0,1,1,1
ST-0225,2025-2026,Grade 7,C,1,91.51,70.4,98.9,90.08,83.62,84.43,64.36,75.63,82.37,0,100,0,0,0,100.0,Compassion,Practices honesty,AO,1,Demonstrates positive effort in class,Unknown,,,Unknown,,Not At Risk,0.0,0.0,3,1,1,0
ST-0226,2025-2026,Grade 7,B,2,78.36,72.67,88.29,76.69,78.73,80.18,91.1,78.44,80.56,0,96,4,2,3,94.0,Integrity,Practices honesty,AO,2,Requires regular monitoring for academic progress,Unknown,,,Unknown,,Not At Risk,3.99999999996,1.99999999998,1,1,1,0
ST-0227,2025-2026,Grade 8,B,4,79.35,87.25,74.68,77.08,86.66,79.67,76.77,83.71,80.65,0,99,1,1,1,98.25,Respect,Demonstrates effort and perseverance,SO,4,Demonstrates positive effort in class,Unknown,,,Unknown,,Not At Risk,0.99999999999,0.99999999999,0,1,1,0
ST-0228,2024-2025,Grade 5,C,4,84.84,96.49,78.87,75.31,81.29,77.38,77.33,80.51,81.5,0,99,1,1,0,98.25,Excellence,Displays kindness and empathy,AO,4,Demonstrates positive effort in class,Unknown,,,Unknown,,Not At Risk,0.99999999999,0.99999999999,1,1,1,0
ST-0229,2025-2026,Grade 10,C,3,73.12,66.4,65.03,65.13,62.08,68.6,70.87,85.7,69.62,3,100,0,1,0,99.5,Compassion,Completes assignments on time,AO,3,Requires regular monitoring for academic progress,Unknown,,,Unknown,,Not At Risk,0.0,0.99999999999,0,1,1,0
ST-0230,2025-2026,Grade 6,C,1,83.69,73.49,81.6,89.13,86.49,80.75,91.13,94.68,85.12,0,100,0,2,1,99.0,Integrity,Practices honesty,SO,1,Demonstrates positive effort in class,Unknown,,,Unknown,,Not At Risk,0.0,1.99999999998,2,1,1,0
ST-0231,2024-2025,Grade 9,D,2,68.86,65.45,73.21,76.73,65.32,83.28,71.37,60.16,70.55,2,100,0,2,0,99.0,Respect,Displays kindness and empathy,AO,2,Demonstrates positive effort in class,Unknown,,,Unknown,,Not At Risk,0.0,1.99999999998,0,1,1,0
ST-0232,2025-2026,Grade 9,C,1,57.97,60.16,66.5,74.19,69.69,63.09,61.72,63.71,64.63,3,99,1,0,1,98.75,Responsibility,Displays kindness and empathy,RO,1,Requires regular monitoring for academic progress,Unknown,,,Unknown,,At Risk,0.99999999999,0.0,0,1,1,1
ST-0233,2024-2025,Grade 9,A,1,65.87,67.6,81.58,76.57,57.64,54.6,78.61,63.07,68.19,3,95,5,0,3,93.75,Respect,Practices honesty,SO,1,Needs follow-up on attendance and punctuality,Counseling,2025-01-15,Declining grades and low class participation,Ongoing,False,At Risk,4.99999999995,0.0,0,1,1,1
ST-0234,2025-2026,Grade 9,C,3,85.95,75.45,67.1,76.98,50.0,70.35,66.03,65.49,69.67,3,96,4,0,3,95.0,Respect,Demonstrates effort and perseverance,SO,3,Needs follow-up on attendance and punctuality,Tutoring,2025-03-15,Need for academic support and monitoring,No Change,True,Not At Risk,3.99999999996,0.0,0,1,1,0
ST-0235,2025-2026,Grade 4,D,2,75.11,86.63,91.98,80.23,80.94,71.9,70.82,87.57,80.65,0,94,6,0,0,92.5,Integrity,Shows respect to teachers and peers,SO,2,Requires regular monitoring for academic progress,Unknown,,,Unknown,,At Risk,5.99999999994,0.0,1,1,1,1
ST-0236,2025-2026,Grade 6,C,4,79.62,70.1,83.04,64.85,74.67,82.43,57.98,69.48,72.77,2,99,1,0,0,98.75,Integrity,Shows respect to teachers and peers,AO,4,Demonstrates positive effort in class,Unknown,,,Unknown,,Not At Risk,0.99999999999,0.0,0,1,1,0
ST-0237,2024-2025,Grade 5,A,2,78.05,64.62,54.79,76.04,83.7,57.7,84.75,77.05,72.09,2,100,0,2,0,99.0,Excellence,Practices honesty,SO,2,Requires regular monitoring for academic progress,Unknown,,,Unknown,,At Risk,0.0,1.99999999998,0,1,1,1
ST-0238,2024-2025,Grade 9,B,1,75.59,67.9,67.52,68.27,70.99,67.79,68.56,56.47,67.89,3,98,2,3,3,96.0,Responsibility,Practices honesty,SO,1,Needs follow-up on attendance and punctuality,Behavioral Monitoring,2025-01-15,Parent/guardian concern about performance,Not Yet Evaluated,False,Not At Risk,1.99999999998,2.99999999997,0,1,1,0
ST-0239,2025-2026,Grade 6,A,2,89.24,86.6,90.9,87.98,85.53,81.65,83.71,89.3,86.86,0,100,0,1,0,99.5,Integrity,Completes assignments on time,SO,2,Shows potential but needs more consistency,Unknown,,,Unknown,,Not At Risk,0.0,0.99999999999,1,1,1,0
ST-0240,2025-2026,Grade 4,A,1,71.3,54.25,65.01,62.35,61.02,60.94,52.88,77.64,63.17,3,95,5,0,0,93.75,Excellence,Completes assignments on time,RO,1,Improving steadily in class participation,Tutoring,2025-01-15,Low attendance and poor engagement,No Change,False,At Risk,4.99999999995,0.0,0,1,1,1
ST-0241,2024-2025,Grade 8,A,3,71.56,85.7,83.69,86.05,86.76,87.46,94.79,69.15,83.14,0,100,0,0,1,100.0,Responsibility,Practices honesty,AO,3,Needs follow-up on attendance and punctuality,Unknown,,,Unknown,,Not At Risk,0.0,0.0,1,1,1,0
ST-0242,2025-2026,Grade 8,D,1,69.88,73.35,74.23,82.57,66.42,70.93,75.12,57.13,71.2,2,98,2,0,0,97.5,Excellence,Practices honesty,SO,1,Shows potential but needs more consistency,Guidance Referral,2025-01-15,Frequent absences and missing assignments,Worsened,False,Not At Risk,1.99999999998,0.0,0,1,1,0
ST-0243,2025-2026,Grade 5,B,4,72.75,82.38,76.2,79.51,71.65,76.04,86.11,83.81,78.56,1,100,0,2,0,99.0,Excellence,Completes assignments on time,SO,4,Requires regular monitoring for academic progress,Unknown,,,Unknown,,Not At Risk,0.0,1.99999999998,0,1,1,0
ST-0244,2024-2025,Grade 4,D,4,88.61,81.66,84.89,76.85,75.79,84.46,100.0,72.97,83.15,0,93,7,5,1,88.75,Excellence,Shows respect to teachers and peers,AO,4,Demonstrates positive effort in class,Unknown,,,Unknown,,At Risk,6.99999999993,4.99999999995,1,1,1,1
ST-0245,2025-2026,Grade 7,A,4,72.36,80.84,73.81,82.63,79.27,79.02,77.22,74.18,77.42,0,96,4,3,2,93.5,Responsibility,Practices honesty,NO,4,Improving steadily in class participation,Unknown,,,Unknown,,At Risk,3.99999999996,2.99999999997,0,1,1,1
ST-0246,2025-2026,Grade 9,D,1,85.09,79.26,74.94,97.02,63.91,75.09,80.11,74.94,78.8,0,93,7,4,0,89.25,Respect,Shows respect to teachers and peers,NO,1,Demonstrates positive effort in class,Unknown,,,Unknown,,At Risk,6.99999999993,3.99999999996,1,1,1,1
ST-0247,2025-2026,Grade 7,A,3,69.7,78.06,87.66,89.02,72.08,81.65,83.94,70.48,79.07,0,99,1,2,1,97.75,Compassion,Demonstrates effort and perseverance,SO,3,Demonstrates positive effort in class,Unknown,,,Unknown,,Not At Risk,0.99999999999,1.99999999998,0,1,1,0
ST-0248,2025-2026,Grade 4,A,3,93.53,93.97,80.7,76.61,82.38,97.25,92.95,67.45,85.61,0,99,1,2,0,97.75,Respect,Practices honesty,RO,3,Improving steadily in class participation,Unknown,,,Unknown,,Not At Risk,0.99999999999,1.99999999998,4,1,1,0
ST-0249,2025-2026,Grade 4,A,2,59.48,69.87,65.46,92.0,67.31,71.53,68.18,79.04,71.61,2,99,1,0,0,98.75,Excellence,Displays kindness and empathy,NO,2,Demonstrates positive effort in class,Unknown,,,Unknown,,At Risk,0.99999999999,0.0,1,1,1,1
ST-0250,2025-2026,Grade 9,C,4,74.09,83.5,90.54,91.91,84.23,87.97,61.84,83.9,82.25,0,99,1,0,0,98.75,Responsibility,Demonstrates effort and perseverance,AO,4,Needs follow-up on attendance and punctuality,Unknown,,,Unknown,,Not At Risk,0.99999999999,0.0,2,1,1,0
ST-0251,2024-2025,Grade 5,B,2,78.17,84.19,81.38,76.57,70.56,82.48,71.94,74.18,77.43,1,97,3,5,1,93.75,Excellence,Demonstrates effort and perseverance,RO,2,Needs follow-up on attendance and punctuality,Counseling,2025-02-15,Need for academic support and monitoring,No Change,False,Not At Risk,2.99999999997,4.99999999995,0,1,1,0
ST-0252,2025-2026,Grade 7,C,2,80.43,86.51,80.73,83.8,81.56,80.91,95.96,85.52,84.43,0,100,0,1,0,99.5,Excellence,Completes assignments on time,SO,2,Needs follow-up on attendance and punctuality,Unknown,,,Unknown,,Not At Risk,0.0,0.99999999999,1,1,1,0
ST-0253,2024-2025,Grade 4,A,4,77.18,90.92,77.37,79.72,96.43,90.59,76.85,93.42,85.31,0,100,0,1,0,99.5,Integrity,Demonstrates effort and perseverance,AO,4,Shows potential but needs more consistency,Unknown,,,Unknown,,Not At Risk,0.0,0.99999999999,4,1,1,0
ST-0254,2024-2025,Grade 9,D,4,88.76,79.64,84.49,78.84,78.4,80.73,85.38,90.56,83.35,0,99,1,2,0,97.75,Respect,Shows respect to teachers and peers,NO,4,Demonstrates positive effort in class,Unknown,,,Unknown,,Not At Risk,0.99999999999,1.99999999998,1,1,1,0
ST-0255,2025-2026,Grade 7,B,4,73.27,88.33,95.7,85.68,85.01,76.89,74.94,78.81,82.33,0,100,0,0,0,100.0,Integrity,Shows respect to teachers and peers,NO,4,Needs follow-up on attendance and punctuality,Unknown,,,Unknown,,Not At Risk,0.0,0.0,1,1,1,0
ST-0256,2025-2026,Grade 5,D,2,63.6,66.05,61.77,71.81,69.96,83.92,86.85,68.69,71.58,2,100,0,2,0,99.0,Responsibility,Displays kindness and empathy,SO,2,Demonstrates positive effort in class,Unknown,,,Unknown,,At Risk,0.0,1.99999999998,0,1,1,1
ST-0257,2024-2025,Grade 6,B,1,72.86,85.52,84.65,72.55,76.62,72.23,88.88,84.08,79.67,1,99,1,2,1,97.75,Compassion,Shows respect to teachers and peers,RO,1,Requires regular monitoring for academic progress,Unknown,,,Unknown,,At Risk,0.99999999999,1.99999999998,0,1,1,1
ST-0258,2025-2026,Grade 10,B,1,74.99,69.22,73.19,81.07,78.58,60.38,61.88,67.68,70.87,2,99,1,2,1,97.75,Integrity,Practices honesty,RO,1,Shows potential but needs more consistency,Unknown,,,Unknown,,At Risk,0.99999999999,1.99999999998,0,1,1,1
ST-0259,2024-2025,Grade 10,B,1,87.37,65.87,69.89,73.68,74.42,93.04,97.45,84.44,80.77,0,100,0,2,0,99.0,Responsibility,Shows respect to teachers and peers,AO,1,Demonstrates positive effort in class,Unknown,,,Unknown,,Not At Risk,0.0,1.99999999998,2,1,1,0
ST-0260,2024-2025,Grade 4,A,4,79.23,77.65,75.92,79.44,69.64,65.83,81.61,59.17,73.56,1,98,2,5,0,95.0,Compassion,Demonstrates effort and perseverance,SO,4,Needs follow-up on attendance and punctuality,Unknown,,,Unknown,,Not At Risk,1.99999999998,4.99999999995,0,1,1,0
ST-0261,2025-2026,Grade 5,B,1,71.36,92.37,54.3,70.8,80.1,80.01,64.74,75.75,73.68,2,100,0,1,0,99.5,Responsibility,Practices honesty,NO,1,Shows potential but needs more consistency,Counseling,2025-01-15,Behavior concerns affecting learning,Worsened,,At Risk,0.0,0.99999999999,1,1,1,1
ST-0262,2025-2026,Grade 4,D,1,81.45,97.63,93.12,90.11,78.68,92.36,85.94,73.65,86.62,0,99,1,0,0,98.75,Respect,Practices honesty,NO,1,Needs follow-up on attendance and punctuality,Unknown,,,Unknown,,Not At Risk,0.99999999999,0.0,4,1,1,0
ST-0263,2024-2025,Grade 4,D,1,90.37,90.66,77.54,64.75,84.39,69.63,90.72,92.44,82.56,0,100,0,0,1,100.0,Integrity,Practices honesty,AO,1,Needs follow-up on attendance and punctuality,Unknown,,,Unknown,,Not At Risk,0.0,0.0,4,1,1,0
ST-0264,2025-2026,Grade 10,D,3,74.06,81.83,81.43,77.7,81.26,91.88,80.02,78.69,80.86,0,100,0,0,0,100.0,Integrity,Demonstrates effort and perseverance,SO,3,Needs follow-up on attendance and punctuality,Unknown,,,Unknown,,Not At Risk,0.0,0.0,1,1,1,0
ST-0265,2024-2025,Grade 6,A,1,77.98,86.61,75.52,85.63,71.25,82.66,85.54,85.42,81.33,0,99,1,2,1,97.75,Integrity,Practices honesty,AO,1,Demonstrates positive effort in class,Unknown,,,Unknown,,Not At Risk,0.99999999999,1.99999999998,0,1,1,0
ST-0266,2024-2025,Grade 4,B,3,70.51,90.36,73.0,78.04,72.34,79.64,73.34,84.18,77.68,0,98,2,0,1,97.5,Compassion,Displays kindness and empathy,RO,3,Needs follow-up on attendance and punctuality,Unknown,,,Unknown,,At Risk,1.99999999998,0.0,1,1,1,1
ST-0267,2024-2025,Grade 4,A,2,100.0,88.04,83.04,88.54,81.07,92.72,80.01,95.27,88.59,0,100,0,1,1,99.5,Compassion,Completes assignments on time,RO,2,Shows potential but needs more consistency,Unknown,,,Unknown,,At Risk,0.0,0.99999999999,3,1,1,1
ST-0268,2025-2026,Grade 4,D,4,80.95,75.15,92.76,84.8,77.25,93.13,88.32,82.37,84.34,0,99,1,1,1,98.25,Excellence,Displays kindness and empathy,SO,4,Needs follow-up on attendance and punctuality,Unknown,,,Unknown,,Not At Risk,0.99999999999,0.99999999999,2,1,1,0
ST-0269,2025-2026,Grade 5,D,1,100.0,93.06,80.33,88.81,85.14,82.99,88.99,82.84,87.77,0,100,0,0,1,100.0,Respect,Displays kindness and empathy,AO,1,Requires regular monitoring for academic progress,Unknown,,,Unknown,,Not At Risk,0.0,0.0,2,1,1,0
ST-0270,2025-2026,Grade 7,C,2,77.73,74.32,91.24,75.85,78.19,83.98,73.24,83.86,79.8,0,99,1,2,0,97.75,Integrity,Demonstrates effort and perseverance,SO,2,Shows potential but needs more consistency,Unknown,,,Unknown,,Not At Risk,0.99999999999,1.99999999998,1,1,1,0
ST-0271,2024-2025,Grade 6,D,2,57.49,80.08,81.02,65.89,75.28,67.71,72.31,76.81,72.07,2,99,1,0,0,98.75,Compassion,Practices honesty,AO,2,Demonstrates positive effort in class,Unknown,,,Unknown,,At Risk,0.99999999999,0.0,0,1,1,1
ST-0272,2025-2026,Grade 7,A,2,70.99,78.67,73.46,62.89,80.5,67.95,75.85,70.74,72.63,2,93,7,5,1,88.75,Excellence,Shows respect to teachers and peers,RO,2,Requires regular monitoring for academic progress,Tutoring,2025-02-15,Need for academic support and monitoring,Ongoing,False,Not At Risk,6.99999999993,4.99999999995,0,1,1,0
ST-0273,2025-2026,Grade 7,A,2,88.97,71.83,87.54,71.1,88.46,82.29,89.35,87.25,83.35,0,100,0,1,1,99.5,Respect,Displays kindness and empathy,AO,2,Requires regular monitoring for academic progress,Unknown,,,Unknown,,Not At Risk,0.0,0.99999999999,0,1,1,0
ST-0274,2025-2026,Grade 7,B,3,79.32,68.7,100.0,86.26,71.22,75.03,75.03,67.6,77.89,0,99,1,2,0,97.75,Compassion,Shows respect to teachers and peers,SO,3,Requires regular monitoring for academic progress,Unknown,,,Unknown,,Not At Risk,0.99999999999,1.99999999998,1,1,1,0
ST-0275,2024-2025,Grade 10,D,4,60.34,84.76,67.02,60.52,70.04,64.58,62.26,70.16,67.46,3,99,1,1,1,98.25,Integrity,Practices honesty,SO,4,Demonstrates positive effort in class,Unknown,,,Unknown,,Not At Risk,0.99999999999,0.99999999999,0,1,1,0
ST-0276,2025-2026,Grade 9,D,1,74.01,89.91,86.08,69.44,79.5,83.05,93.85,85.48,82.67,0,99,1,2,0,97.75,Compassion,Demonstrates effort and perseverance,AO,1,Shows potential but needs more consistency,Unknown,,,Unknown,,Not At Risk,0.99999999999,1.99999999998,1,1,1,0
ST-0277,2024-2025,Grade 5,B,2,80.65,93.47,84.42,79.31,79.56,72.66,88.63,80.73,82.43,0,100,0,0,1,100.0,Responsibility,Shows respect to teachers and peers,RO,2,Shows potential but needs more consistency,Unknown,,,Unknown,,Not At Risk,0.0,0.0,1,1,1,0
ST-0278,2024-2025,Grade 4,D,2,81.45,86.48,75.02,79.61,80.07,72.4,74.72,52.67,75.3,1,99,1,1,0,98.25,Responsibility,Demonstrates effort and perseverance,SO,2,Improving steadily in class participation,Attendance Monitoring,2025-02-15,Behavior concerns affecting learning,Worsened,,At Risk,0.99999999999,0.99999999999,0,1,1,1
ST-0279,2025-2026,Grade 9,B,4,58.01,66.31,54.26,59.03,72.3,70.39,81.24,50.0,63.94,3,100,0,0,0,100.0,Responsibility,Practices honesty,SO,4,Needs follow-up on attendance and punctuality,Attendance Monitoring,2025-04-15,Declining grades and low class participation,Improved,True,Not At Risk,0.0,0.0,0,1,1,0
ST-0280,2024-2025,Grade 4,C,4,94.54,83.16,79.57,82.49,66.84,86.07,90.06,82.85,83.2,0,100,0,1,0,99.5,Compassion,Displays kindness and empathy,AO,4,Demonstrates positive effort in class,Unknown,,,Unknown,,At Risk,0.0,0.99999999999,2,1,1,1
ST-0281,2025-2026,Grade 6,C,3,89.74,77.6,90.62,75.74,76.03,83.95,87.34,83.05,83.01,0,96,4,0,1,95.0,Integrity,Shows respect to teachers and peers,AO,3,Demonstrates positive effort in class,Unknown,,,Unknown,,Not At Risk,3.99999999996,0.0,1,1,1,0
ST-0282,2025-2026,Grade 9,D,4,83.03,83.69,84.41,77.78,85.98,90.81,80.6,98.47,85.6,0,99,1,1,1,98.25,Integrity,Shows respect to teachers and peers,SO,4,Improving steadily in class participation,Unknown,,,Unknown,,Not At Risk,0.99999999999,0.99999999999,2,1,1,0
ST-0283,2025-2026,Grade 9,A,3,54.37,61.08,73.86,68.0,84.92,80.3,68.71,64.83,69.51,3,99,1,1,0,98.25,Integrity,Displays kindness and empathy,NO,3,Requires regular monitoring for academic progress,Unknown,,,Unknown,,At Risk,0.99999999999,0.99999999999,0,1,1,1
ST-0284,2024-2025,Grade 5,A,3,71.18,78.89,91.36,72.72,89.27,85.53,84.95,88.4,82.79,0,98,2,4,2,95.5,Integrity,Displays kindness and empathy,AO,3,Requires regular monitoring for academic progress,Unknown,,,Unknown,,Not At Risk,1.99999999998,3.99999999996,1,1,1,0
ST-0285,2024-2025,Grade 6,A,3,74.32,86.72,73.09,91.75,89.43,76.26,79.28,89.19,82.5,0,100,0,1,0,99.5,Responsibility,Practices honesty,AO,3,Requires regular monitoring for academic progress,Unknown,,,Unknown,,Not At Risk,0.0,0.99999999999,1,1,1,0
ST-0286,2024-2025,Grade 6,D,4,66.93,64.15,70.21,79.09,61.24,67.42,80.48,66.17,69.46,3,99,1,1,0,98.25,Compassion,Displays kindness and empathy,RO,4,Requires regular monitoring for academic progress,Unknown,,,Unknown,,At Risk,0.99999999999,0.99999999999,0,1,1,1
ST-0287,2024-2025,Grade 10,A,1,81.84,79.17,70.2,87.77,76.28,94.32,83.4,73.06,80.75,0,99,1,1,1,98.25,Respect,Demonstrates effort and perseverance,RO,1,Needs follow-up on attendance and punctuality,Unknown,,,Unknown,,Not At Risk,0.99999999999,0.99999999999,1,1,1,0
ST-0288,2024-2025,Grade 7,A,1,68.51,85.48,78.23,66.34,74.23,94.05,71.6,71.29,76.22,0,93,7,4,3,89.25,Responsibility,Shows respect to teachers and peers,AO,1,Shows potential but needs more consistency,Unknown,,,Unknown,,At Risk,6.99999999993,3.99999999996,1,1,1,1
ST-0289,2024-2025,Grade 10,A,2,80.54,67.25,86.54,82.35,80.09,83.01,89.63,87.12,82.07,0,94,6,2,1,91.5,Responsibility,Completes assignments on time,AO,2,Needs follow-up on attendance and punctuality,Unknown,,,Unknown,,Not At Risk,5.99999999994,1.99999999998,0,1,1,0
ST-0290,2025-2026,Grade 4,C,1,64.24,75.74,71.73,50.0,83.42,78.62,64.46,74.98,70.4,2,99,1,2,1,97.75,Respect,Practices honesty,SO,1,Requires regular monitoring for academic progress,Unknown,,,Unknown,,Not At Risk,0.99999999999,1.99999999998,0,1,1,0
ST-0291,2025-2026,Grade 8,A,3,63.59,83.82,75.93,93.65,89.84,85.36,87.61,90.67,83.81,0,100,0,0,1,100.0,Integrity,Completes assignments on time,AO,3,Needs follow-up on attendance and punctuality,Unknown,,,Unknown,,Not At Risk,0.0,0.0,2,1,1,0
ST-0292,2025-2026,Grade 7,C,4,79.81,96.23,80.91,79.85,86.71,94.87,91.68,88.71,87.35,0,99,1,0,0,98.75,Compassion,Completes assignments on time,AO,4,Improving steadily in class participation,Unknown,,,Unknown,,At Risk,0.99999999999,0.0,3,1,1,1
ST-0293,2024-2025,Grade 10,A,3,78.25,86.59,77.58,81.56,83.94,76.22,88.23,89.86,82.78,0,99,1,2,1,97.75,Integrity,Shows respect to teachers and peers,NO,3,Shows potential but needs more consistency,Unknown,,,Unknown,,Not At Risk,0.99999999999,1.99999999998,0,1,1,0
ST-0294,2024-2025,Grade 10,A,1,62.08,53.21,50.0,66.77,70.71,73.88,69.83,63.19,63.71,3,98,2,5,3,95.0,Compassion,Practices honesty,AO,1,Needs follow-up on attendance and punctuality,Behavioral Monitoring,2025-01-15,Behavior concerns affecting learning,No Change,False,Not At Risk,1.99999999998,4.99999999995,0,1,1,0
ST-0295,2024-2025,Grade 5,D,2,79.62,68.24,62.99,53.94,58.38,77.26,70.97,62.26,66.71,3,100,0,1,0,99.5,Integrity,Shows respect to teachers and peers,RO,2,Improving steadily in class participation,Unknown,,,Unknown,,At Risk,0.0,0.99999999999,0,1,1,1
ST-0296,2024-2025,Grade 9,C,4,76.09,93.62,81.85,80.96,79.48,92.13,93.9,75.85,84.23,0,100,0,0,1,100.0,Compassion,Practices honesty,SO,4,Improving steadily in class participation,Unknown,,,Unknown,,Not At Risk,0.0,0.0,3,1,1,0
ST-0297,2025-2026,Grade 4,A,3,74.6,83.92,87.16,94.83,82.52,93.25,85.85,84.49,85.83,0,99,1,1,0,98.25,Integrity,Demonstrates effort and perseverance,RO,3,Shows potential but needs more consistency,Unknown,,,Unknown,,Not At Risk,0.99999999999,0.99999999999,2,1,1,0
ST-0298,2024-2025,Grade 10,C,3,81.66,82.35,76.67,69.14,92.09,77.35,89.7,77.48,80.81,0,99,1,1,1,98.25,Compassion,Demonstrates effort and perseverance,RO,3,Improving steadily in class participation,Unknown,,,Unknown,,Not At Risk,0.99999999999,0.99999999999,1,1,1,0
ST-0299,2025-2026,Grade 8,B,1,80.16,85.98,79.41,68.91,85.8,85.91,91.96,77.93,82.01,0,100,0,1,1,99.5,Integrity,Displays kindness and empathy,SO,1,Requires regular monitoring for academic progress,Unknown,,,Unknown,,Not At Risk,0.0,0.99999999999,1,1,1,0
ST-0300,2025-2026,Grade 9,D,4,76.37,83.58,71.79,81.17,61.04,88.01,73.21,80.99,77.02,0,99,1,1,0,98.25,Respect,Demonstrates effort and perseverance,AO,4,Demonstrates positive effort in class,Unknown,,,Unknown,,Not At Risk,0.99999999999,0.99999999999,0,1,1,0
ST-0301,2024-2025,Grade 4,C,3,51.96,68.02,73.26,75.38,83.04,73.17,72.84,63.79,70.18,2,94,6,2,0,91.5,Compassion,Practices honesty,RO,3,Demonstrates positive effort in class,Academic Monitoring,2025-03-15,Need for academic support and monitoring,Worsened,False,At Risk,5.99999999994,1.99999999998,0,1,1,1
ST-0302,2024-2025,Grade 10,B,4,86.07,83.25,71.44,72.04,83.28,74.32,90.52,81.27,80.27,0,100,0,0,0,100.0,Compassion,Demonstrates effort and perseverance,AO,4,Shows potential but needs more consistency,Unknown,,,Unknown,,At Risk,0.0,0.0,1,1,1,1
ST-0303,2024-2025,Grade 5,A,2,60.79,77.49,80.52,87.23,89.01,69.46,80.41,80.55,78.18,0,99,1,0,1,98.75,Compassion,Practices honesty,RO,2,Improving steadily in class participation,Unknown,,,Unknown,,Not At Risk,0.99999999999,0.0,0,1,1,0
ST-0304,2025-2026,Grade 4,C,4,78.04,76.6,68.68,75.92,67.71,69.57,77.48,74.02,73.5,2,97,3,1,1,95.75,Excellence,Demonstrates effort and perseverance,RO,4,Improving steadily in class participation,Guidance Referral,2025-04-15,Declining grades and low class participation,Improved,False,At Risk,2.99999999997,0.99999999999,0,1,1,1
ST-0305,2025-2026,Grade 8,D,1,87.06,78.66,77.74,76.11,66.69,74.37,89.32,85.29,79.41,1,99,1,0,1,98.75,Excellence,Completes assignments on time,SO,1,Improving steadily in class participation,Unknown,,,Unknown,,Not At Risk,0.99999999999,0.0,0,1,1,0
ST-0306,2025-2026,Grade 8,B,2,82.16,83.31,68.32,86.81,78.08,100.0,100.0,83.86,85.32,0,100,0,1,1,99.5,Responsibility,Demonstrates effort and perseverance,AO,2,Requires regular monitoring for academic progress,Unknown,,,Unknown,,Not At Risk,0.0,0.99999999999,2,1,1,0
ST-0307,2025-2026,Grade 4,B,1,76.87,81.39,73.44,88.5,90.5,83.09,82.41,77.57,81.72,0,100,0,2,0,99.0,Compassion,Completes assignments on time,SO,1,Demonstrates positive effort in class,Unknown,,,Unknown,,Not At Risk,0.0,1.99999999998,1,1,1,0
ST-0308,2025-2026,Grade 4,B,1,75.35,70.36,76.34,81.46,87.51,72.29,64.51,75.65,75.43,0,94,6,2,0,91.5,Excellence,Displays kindness and empathy,NO,1,Demonstrates positive effort in class,Unknown,,,Unknown,,At Risk,5.99999999994,1.99999999998,0,1,1,1
ST-0309,2024-2025,Grade 10,A,1,80.78,82.77,77.49,99.2,79.12,85.21,77.86,77.35,82.47,0,99,1,0,0,98.75,Excellence,Completes assignments on time,AO,1,Shows potential but needs more consistency,Unknown,,,Unknown,,Not At Risk,0.99999999999,0.0,1,1,1,0
ST-0310,2024-2025,Grade 10,D,1,69.37,77.44,69.9,76.64,78.6,81.33,85.03,83.92,77.78,0,100,0,1,0,99.5,Responsibility,Shows respect to teachers and peers,SO,1,Requires regular monitoring for academic progress,Unknown,,,Unknown,,Not At Risk,0.0,0.99999999999,0,1,1,0
ST-0311,2025-2026,Grade 9,D,1,98.41,87.25,57.21,92.23,79.48,94.44,75.59,83.38,83.5,0,99,1,2,0,97.75,Integrity,Displays kindness and empathy,AO,1,Shows potential but needs more consistency,Unknown,,,Unknown,,Not At Risk,0.99999999999,1.99999999998,3,1,1,0
ST-0312,2025-2026,Grade 5,C,1,86.37,97.29,100.0,80.82,87.64,93.25,97.35,90.11,91.6,0,100,0,1,0,99.5,Compassion,Completes assignments on time,SO,1,Shows potential but needs more consistency,Unknown,,,Unknown,,Not At Risk,0.0,0.99999999999,5,1,1,0
ST-0313,2025-2026,Grade 5,C,1,94.21,89.99,81.68,86.85,81.4,87.86,100.0,82.96,88.12,0,100,0,2,1,99.0,Respect,Displays kindness and empathy,SO,1,Requires regular monitoring for academic progress,Unknown,,,Unknown,,At Risk,0.0,1.99999999998,2,1,1,1
ST-0314,2025-2026,Grade 4,A,1,95.51,92.77,86.15,96.26,84.67,85.51,76.38,95.29,89.07,0,99,1,1,0,98.25,Integrity,Demonstrates effort and perseverance,RO,1,Needs follow-up on attendance and punctuality,Unknown,,,Unknown,,Not At Risk,0.99999999999,0.99999999999,4,1,1,0
ST-0315,2024-2025,Grade 4,A,1,71.32,77.17,81.7,90.89,80.95,74.97,84.65,97.11,82.34,0,99,1,1,1,98.25,Compassion,Demonstrates effort and perseverance,NO,1,Requires regular monitoring for academic progress,Unknown,,,Unknown,,Not At Risk,0.99999999999,0.99999999999,2,1,1,0
ST-0316,2024-2025,Grade 5,D,3,72.86,83.9,88.62,90.14,89.61,77.21,93.92,88.27,85.57,0,99,1,1,0,98.25,Integrity,Practices honesty,AO,3,Requires regular monitoring for academic progress,Unknown,,,Unknown,,Not At Risk,0.99999999999,0.99999999999,2,1,1,0
ST-0317,2025-2026,Grade 10,C,3,79.99,76.73,80.74,75.69,76.74,87.66,77.95,88.85,80.54,0,93,7,1,2,90.75,Respect,Displays kindness and empathy,SO,3,Shows potential but needs more consistency,Unknown,,,Unknown,,At Risk,6.99999999993,0.99999999999,0,1,1,1
ST-0318,2024-2025,Grade 6,A,1,56.42,87.76,72.84,77.49,72.29,78.4,79.89,85.38,76.31,1,100,0,0,0,100.0,Responsibility,Practices honesty,SO,1,Shows potential but needs more consistency,Unknown,,,Unknown,,Not At Risk,0.0,0.0,0,1,1,0
ST-0319,2025-2026,Grade 5,C,4,97.62,66.73,82.62,59.91,74.93,73.81,85.18,64.8,75.7,1,100,0,1,0,99.5,Responsibility,Shows respect to teachers and peers,RO,4,Requires regular monitoring for academic progress,Unknown,,,Unknown,,At Risk,0.0,0.99999999999,1,1,1,1
ST-0320,2024-2025,Grade 10,C,2,86.66,57.94,78.77,71.53,82.8,80.55,75.12,72.93,75.79,0,96,4,4,2,93.0,Integrity,Completes assignments on time,RO,2,Needs follow-up on attendance and punctuality,Unknown,,,Unknown,,At Risk,3.99999999996,3.99999999996,0,1,1,1
ST-0321,2025-2026,Grade 8,D,4,85.43,71.99,87.51,99.87,77.72,86.23,86.65,92.05,85.93,0,100,0,0,1,100.0,Respect,Displays kindness and empathy,AO,4,Demonstrates positive effort in class,Unknown,,,Unknown,,Not At Risk,0.0,0.0,2,1,1,0
ST-0322,2025-2026,Grade 5,A,4,77.52,88.35,78.61,85.6,93.83,87.84,86.69,88.96,85.93,0,99,1,0,1,98.75,Responsibility,Shows respect to teachers and peers,SO,4,Shows potential but needs more consistency,Unknown,,,Unknown,,At Risk,0.99999999999,0.0,1,1,1,1
ST-0323,2024-2025,Grade 6,A,2,84.09,71.52,87.94,81.2,81.84,83.85,94.78,75.77,82.62,0,99,1,0,1,98.75,Integrity,Practices honesty,AO,2,Requires regular monitoring for academic progress,Unknown,,,Unknown,,Not At Risk,0.99999999999,0.0,1,1,1,0
ST-0324,2024-2025,Grade 7,B,4,65.73,69.82,60.5,78.26,73.37,79.25,81.69,68.72,72.17,2,99,1,1,0,98.25,Responsibility,Demonstrates effort and perseverance,NO,4,Improving steadily in class participation,Unknown,,,Unknown,,Not At Risk,0.99999999999,0.99999999999,0,1,1,0
ST-0325,2025-2026,Grade 9,A,4,69.86,87.12,69.59,89.43,74.39,80.84,96.89,83.84,81.5,0,99,1,0,1,98.75,Excellence,Demonstrates effort and perseverance,AO,4,Requires regular monitoring for academic progress,Unknown,,,Unknown,,Not At Risk,0.99999999999,0.0,1,1,1,0
ST-0326,2025-2026,Grade 7,B,4,84.64,71.54,72.39,79.16,72.07,71.08,81.07,65.19,74.64,2,100,0,0,1,100.0,Compassion,Demonstrates effort and perseverance,SO,4,Shows potential but needs more consistency,Unknown,,,Unknown,,At Risk,0.0,0.0,0,1,1,1
ST-0327,2025-2026,Grade 4,C,1,84.7,84.15,74.6,78.5,93.28,74.62,83.3,82.34,81.94,0,100,0,2,0,99.0,Excellence,Completes assignments on time,RO,1,Requires regular monitoring for academic progress,Unknown,,,Unknown,,Not At Risk,0.0,1.99999999998,1,1,1,0
ST-0328,2025-2026,Grade 6,B,1,79.74,81.51,80.06,94.63,76.4,87.01,90.39,86.65,84.55,0,99,1,2,0,97.75,Integrity,Demonstrates effort and perseverance,RO,1,Improving steadily in class participation,Unknown,,,Unknown,,Not At Risk,0.99999999999,1.99999999998,2,1,1,0
ST-0329,2025-2026,Grade 5,B,4,66.08,93.9,82.77,98.37,80.35,94.35,79.09,99.73,86.83,0,99,1,2,0,97.75,Excellence,Shows respect to teachers and peers,RO,4,Needs follow-up on attendance and punctuality,Unknown,,,Unknown,,Not At Risk,0.99999999999,1.99999999998,4,1,1,0
ST-0330,2024-2025,Grade 10,A,3,89.53,80.88,74.76,71.33,74.59,87.0,81.54,81.66,80.16,0,98,2,4,0,95.5,Integrity,Shows respect to teachers and peers,RO,3,Shows potential but needs more consistency,Unknown,,,Unknown,,At Risk,1.99999999998,3.99999999996,0,1,1,1
ST-0331,2024-2025,Grade 9,D,2,72.24,73.73,86.0,86.4,82.8,88.55,85.02,77.9,81.58,0,100,0,0,1,100.0,Integrity,Shows respect to teachers and peers,NO,2,Requires regular monitoring for academic progress,Unknown,,,Unknown,,Not At Risk,0.0,0.0,0,1,1,0
ST-0332,2024-2025,Grade 7,C,4,58.78,67.84,70.48,68.5,70.99,64.46,69.68,75.37,68.26,3,98,2,5,3,95.0,Respect,Displays kindness and empathy,NO,4,Needs follow-up on attendance and punctuality,Counseling,2025-04-15,Low attendance and poor engagement,Ongoing,True,At Risk,1.99999999998,4.99999999995,0,1,1,1
ST-0333,2024-2025,Grade 8,B,4,82.46,86.61,76.01,86.98,76.66,81.47,85.83,69.38,80.68,0,97,3,0,0,96.25,Respect,Demonstrates effort and perseverance,SO,4,Requires regular monitoring for academic progress,Unknown,,,Unknown,,Not At Risk,2.99999999997,0.0,0,1,1,0
ST-0334,2024-2025,Grade 6,A,3,96.62,83.07,79.4,95.39,90.52,81.84,92.47,78.43,87.22,0,100,0,1,1,99.5,Responsibility,Demonstrates effort and perseverance,AO,3,Requires regular monitoring for academic progress,Unknown,,,Unknown,,Not At Risk,0.0,0.99999999999,4,1,1,0
ST-0335,2024-2025,Grade 5,A,1,82.45,83.28,80.27,90.26,88.43,90.91,100.0,90.08,88.21,0,99,1,2,1,97.75,Respect,Demonstrates effort and perseverance,AO,1,Demonstrates positive effort in class,Unknown,,,Unknown,,Not At Risk,0.99999999999,1.99999999998,4,1,1,0
ST-0336,2025-2026,Grade 10,A,2,63.61,76.94,77.92,76.3,76.41,70.72,76.9,76.88,74.46,1,100,0,1,0,99.5,Responsibility,Shows respect to teachers and peers,RO,2,Improving steadily in class participation,Unknown,,,Unknown,,Not At Risk,0.0,0.99999999999,0,1,1,0
ST-0337,2024-2025,Grade 5,A,2,84.78,88.42,83.92,78.67,84.24,80.6,89.7,91.22,85.19,0,100,0,1,1,99.5,Respect,Displays kindness and empathy,AO,2,Demonstrates positive effort in class,Unknown,,,Unknown,,Not At Risk,0.0,0.99999999999,1,1,1,0
ST-0338,2025-2026,Grade 5,D,4,95.56,100.0,71.53,87.03,82.31,87.97,92.63,82.05,87.38,0,99,1,1,0,98.25,Compassion,Practices honesty,AO,4,Requires regular monitoring for academic progress,Unknown,,,Unknown,,Not At Risk,0.99999999999,0.99999999999,3,1,1,0
ST-0339,2025-2026,Grade 4,C,2,90.84,73.29,77.25,89.27,76.36,88.52,84.59,75.91,82.0,0,97,3,5,0,93.75,Respect,Practices honesty,NO,2,Requires regular monitoring for academic progress,Unknown,,,Unknown,,At Risk,2.99999999997,4.99999999995,1,1,1,1
ST-0340,2024-2025,Grade 5,D,3,81.62,74.21,83.13,87.53,78.98,92.04,87.18,94.92,84.95,0,99,1,1,1,98.25,Responsibility,Displays kindness and empathy,AO,3,Requires regular monitoring for academic progress,Unknown,,,Unknown,,Not At Risk,0.99999999999,0.99999999999,2,1,1,0
ST-0341,2025-2026,Grade 9,B,3,75.66,76.1,71.66,66.4,67.95,54.24,90.91,82.84,73.22,2,99,1,0,0,98.75,Excellence,Practices honesty,RO,3,Requires regular monitoring for academic progress,Unknown,,,Unknown,,At Risk,0.99999999999,0.0,1,1,1,1
ST-0342,2025-2026,Grade 9,D,1,66.52,73.32,67.54,55.78,72.83,69.37,66.07,68.66,67.51,3,99,1,1,0,98.25,Responsibility,Displays kindness and empathy,SO,1,Improving steadily in class participation,Unknown,,,Unknown,,At Risk,0.99999999999,0.99999999999,0,1,1,1
ST-0343,2024-2025,Grade 5,D,2,85.48,94.83,83.83,77.57,98.35,81.7,67.47,89.17,84.8,0,99,1,3,0,97.25,Respect,Displays kindness and empathy,AO,2,Shows potential but needs more consistency,Unknown,,,Unknown,,Not At Risk,0.99999999999,2.99999999997,2,1,1,0
ST-0344,2024-2025,Grade 7,D,1,71.08,68.94,74.44,85.26,64.43,79.34,79.12,70.33,74.12,2,100,0,2,1,99.0,Compassion,Displays kindness and empathy,SO,1,Improving steadily in class participation,Unknown,,,Unknown,,At Risk,0.0,1.99999999998,0,1,1,1
ST-0345,2025-2026,Grade 9,D,4,80.72,80.61,86.57,75.61,90.61,66.85,87.04,82.46,81.31,0,99,1,2,1,97.75,Integrity,Demonstrates effort and perseverance,AO,4,Demonstrates positive effort in class,Unknown,,,Unknown,,Not At Risk,0.99999999999,1.99999999998,1,1,1,0
ST-0346,2024-2025,Grade 4,C,1,83.43,73.21,85.95,94.66,84.34,72.31,76.04,100.0,83.74,0,99,1,1,1,98.25,Integrity,Displays kindness and empathy,SO,1,Requires regular monitoring for academic progress,Unknown,,,Unknown,,Not At Risk,0.99999999999,0.99999999999,2,1,1,0
ST-0347,2024-2025,Grade 9,B,1,52.89,64.23,73.23,77.01,78.06,78.28,71.26,75.25,71.28,2,99,1,1,0,98.25,Responsibility,Displays kindness and empathy,SO,1,Demonstrates positive effort in class,Unknown,,,Unknown,,At Risk,0.99999999999,0.99999999999,0,1,1,1
ST-0348,2025-2026,Grade 5,C,4,94.53,79.91,70.76,86.22,82.47,91.44,70.87,77.46,81.71,0,100,0,1,1,99.5,Excellence,Practices honesty,SO,4,Improving steadily in class participation,Unknown,,,Unknown,,Not At Risk,0.0,0.99999999999,2,1,1,0
ST-0349,2024-2025,Grade 6,A,3,70.05,70.15,76.85,50.0,64.73,66.13,76.01,69.4,67.91,3,94,6,5,1,90.0,Respect,Demonstrates effort and perseverance,RO,3,Demonstrates positive effort in class,Counseling,2025-03-15,Parent/guardian concern about performance,Not Yet Evaluated,False,Not At Risk,5.99999999994,4.99999999995,0,1,1,0
ST-0350,2025-2026,Grade 5,C,2,91.7,94.59,88.95,73.68,79.71,82.5,91.1,85.55,85.97,0,99,1,2,0,97.75,Integrity,Shows respect to teachers and peers,RO,2,Needs follow-up on attendance and punctuality,Unknown,,,Unknown,,Not At Risk,0.99999999999,1.99999999998,3,1,1,0
ST-0351,2024-2025,Grade 10,B,2,69.65,78.93,89.79,77.46,92.66,59.59,73.17,76.75,77.25,0,95,5,5,3,91.25,Compassion,Displays kindness and empathy,SO,2,Improving steadily in class participation,Unknown,,,Unknown,,At Risk,4.99999999995,4.99999999995,1,1,1,1
ST-0352,2025-2026,Grade 4,B,3,91.88,75.01,80.39,86.76,93.31,95.89,85.86,90.13,87.4,0,100,0,2,1,99.0,Excellence,Shows respect to teachers and peers,AO,3,Improving steadily in class participation,Unknown,,,Unknown,,Not At Risk,0.0,1.99999999998,4,1,1,0
ST-0353,2025-2026,Grade 7,B,1,64.8,63.12,82.64,69.98,70.17,74.3,74.14,81.66,72.6,2,99,1,2,1,97.75,Integrity,Displays kindness and empathy,SO,1,Shows potential but needs more consistency,Tutoring,2025-01-15,Need for academic support and monitoring,Worsened,False,At Risk,0.99999999999,1.99999999998,0,1,1,1
ST-0354,2024-2025,Grade 4,A,1,94.83,86.7,79.26,82.68,84.89,72.28,90.86,94.16,85.71,0,99,1,1,1,98.25,Excellence,Completes assignments on time,AO,1,Demonstrates positive effort in class,Unknown,,,Unknown,,At Risk,0.99999999999,0.99999999999,3,1,1,1
ST-0355,2024-2025,Grade 7,D,1,83.53,79.21,83.39,62.73,87.34,81.47,80.91,80.86,79.93,0,99,1,2,0,97.75,Responsibility,Shows respect to teachers and peers,AO,1,Requires regular monitoring for academic progress,Unknown,,,Unknown,,Not At Risk,0.99999999999,1.99999999998,0,1,1,0
ST-0356,2025-2026,Grade 10,A,1,72.43,78.89,81.1,81.46,75.25,100.0,69.12,80.1,79.79,0,99,1,1,1,98.25,Compassion,Demonstrates effort and perseverance,SO,1,Requires regular monitoring for academic progress,Unknown,,,Unknown,,Not At Risk,0.99999999999,0.99999999999,1,1,1,0
ST-0357,2024-2025,Grade 9,A,1,55.75,57.58,58.06,64.47,58.76,60.03,62.47,69.36,60.81,3,93,7,2,0,90.25,Compassion,Completes assignments on time,RO,1,Needs follow-up on attendance and punctuality,Guidance Referral,2025-01-15,Low attendance and poor engagement,Ongoing,False,Not At Risk,6.99999999993,1.99999999998,0,1,1,0
ST-0358,2024-2025,Grade 7,B,3,82.73,81.72,87.36,86.51,90.36,85.69,76.89,85.86,84.64,0,100,0,2,0,99.0,Responsibility,Practices honesty,AO,3,Shows potential but needs more consistency,Unknown,,,Unknown,,Not At Risk,0.0,1.99999999998,1,1,1,0
ST-0359,2024-2025,Grade 5,C,4,75.48,80.28,83.15,79.04,76.82,72.91,82.62,65.96,77.03,1,99,1,1,1,98.25,Compassion,Shows respect to teachers and peers,SO,4,Requires regular monitoring for academic progress,Unknown,,,Unknown,,At Risk,0.99999999999,0.99999999999,0,1,1,1
ST-0360,2024-2025,Grade 9,B,2,88.98,75.3,77.16,88.56,76.03,73.7,93.36,76.66,81.22,0,99,1,0,0,98.75,Responsibility,Displays kindness and empathy,NO,2,Shows potential but needs more consistency,Unknown,,,Unknown,,Not At Risk,0.99999999999,0.0,1,1,1,0
ST-0361,2025-2026,Grade 7,C,1,77.04,79.2,76.42,99.0,81.25,80.94,93.93,77.5,83.16,0,93,7,0,1,91.25,Excellence,Shows respect to teachers and peers,RO,1,Demonstrates positive effort in class,Unknown,,,Unknown,,At Risk,6.99999999993,0.0,2,1,1,1
ST-0362,2024-2025,Grade 8,B,1,82.98,96.3,97.19,78.97,90.46,77.8,76.54,76.87,84.64,0,99,1,2,1,97.75,Respect,Displays kindness and empathy,SO,1,Improving steadily in class participation,Unknown,,,Unknown,,Not At Risk,0.99999999999,1.99999999998,3,1,1,0
ST-0363,2025-2026,Grade 4,D,4,79.86,90.5,80.76,76.86,78.62,88.2,85.36,93.89,84.26,0,99,1,0,0,98.75,Respect,Practices honesty,NO,4,Requires regular monitoring for academic progress,Unknown,,,Unknown,,Not At Risk,0.99999999999,0.0,2,1,1,0
ST-0364,2025-2026,Grade 4,C,1,100.0,85.74,87.92,92.39,92.79,92.04,95.28,90.68,92.1,0,100,0,0,0,100.0,Responsibility,Practices honesty,AO,1,Demonstrates positive effort in class,Unknown,,,Unknown,,Not At Risk,0.0,0.0,6,1,1,0
ST-0365,2025-2026,Grade 6,C,4,96.17,84.42,80.92,87.13,85.28,85.64,96.36,77.4,86.66,0,100,0,0,0,100.0,Respect,Completes assignments on time,AO,4,Improving steadily in class participation,Unknown,,,Unknown,,Not At Risk,0.0,0.0,2,1,1,0
ST-0366,2025-2026,Grade 9,C,1,78.92,74.29,82.49,65.04,63.16,82.29,87.38,75.18,76.09,0,100,0,0,0,100.0,Responsibility,Shows respect to teachers and peers,AO,1,Needs follow-up on attendance and punctuality,Unknown,,,Unknown,,Not At Risk,0.0,0.0,0,1,1,0
ST-0367,2025-2026,Grade 8,A,4,70.23,71.77,82.8,86.78,85.28,85.92,78.69,69.79,78.91,0,100,0,1,1,99.5,Excellence,Completes assignments on time,AO,4,Improving steadily in class participation,Unknown,,,Unknown,,Not At Risk,0.0,0.99999999999,0,1,1,0
ST-0368,2024-2025,Grade 5,A,2,88.22,84.21,88.57,78.02,71.45,82.97,91.04,83.51,83.5,0,100,0,0,0,100.0,Compassion,Displays kindness and empathy,AO,2,Needs follow-up on attendance and punctuality,Unknown,,,Unknown,,Not At Risk,0.0,0.0,1,1,1,0
ST-0369,2025-2026,Grade 5,C,1,70.12,83.61,67.14,75.74,65.77,74.57,83.77,81.15,75.23,1,95,5,4,0,91.75,Compassion,Completes assignments on time,RO,1,Requires regular monitoring for academic progress,Mentoring,2025-01-15,Low attendance and poor engagement,Not Yet Evaluated,False,At Risk,4.99999999995,3.99999999996,0,1,1,1
ST-0370,2025-2026,Grade 4,A,2,90.63,70.5,83.18,88.77,95.96,92.71,77.16,76.32,84.4,0,100,0,2,1,99.0,Integrity,Demonstrates effort and perseverance,AO,2,Needs follow-up on attendance and punctuality,Unknown,,,Unknown,,Not At Risk,0.0,1.99999999998,3,1,1,0
ST-0371,2025-2026,Grade 6,D,1,76.16,78.5,68.31,71.63,80.33,81.61,67.33,73.4,74.66,1,95,5,4,1,91.75,Respect,Completes assignments on time,RO,1,Demonstrates positive effort in class,Unknown,,,Unknown,,At Risk,4.99999999995,3.99999999996,0,1,1,1
ST-0372,2025-2026,Grade 8,D,4,92.63,75.99,65.33,74.51,73.93,70.19,80.8,70.21,75.45,0,98,2,0,0,97.5,Responsibility,Displays kindness and empathy,RO,4,Improving steadily in class participation,Unknown,,,Unknown,,At Risk,1.99999999998,0.0,1,1,1,1
ST-0373,2025-2026,Grade 10,A,2,78.71,71.2,87.9,67.24,72.15,77.99,79.6,69.04,75.48,0,93,7,3,0,89.75,Compassion,Completes assignments on time,SO,2,Needs follow-up on attendance and punctuality,Unknown,,,Unknown,,At Risk,6.99999999993,2.99999999997,0,1,1,1
ST-0374,2024-2025,Grade 8,A,4,78.19,79.89,76.38,86.02,86.52,95.31,90.05,77.56,83.74,0,100,0,2,0,99.0,Integrity,Completes assignments on time,AO,4,Demonstrates positive effort in class,Unknown,,,Unknown,,Not At Risk,0.0,1.99999999998,2,1,1,0
ST-0375,2024-2025,Grade 10,B,2,72.23,94.54,83.89,68.25,80.87,84.49,72.98,83.6,80.11,0,99,1,1,1,98.25,Respect,Demonstrates effort and perseverance,AO,2,Shows potential but needs more consistency,Unknown,,,Unknown,,Not At Risk,0.99999999999,0.99999999999,1,1,1,0
ST-0376,2025-2026,Grade 7,A,1,88.32,84.84,86.84,85.73,82.38,83.55,100.0,79.58,86.41,0,100,0,2,0,99.0,Integrity,Demonstrates effort and perseverance,SO,1,Demonstrates positive effort in class,Unknown,,,Unknown,,Not At Risk,0.0,1.99999999998,1,1,1,0
ST-0377,2024-2025,Grade 6,C,4,71.93,67.62,67.97,80.4,73.33,68.45,74.24,70.61,71.82,2,97,3,0,2,96.25,Respect,Completes assignments on time,SO,4,Shows potential but needs more consistency,Guidance Referral,2025-04-15,Low attendance and poor engagement,Improved,,At Risk,2.99999999997,0.0,0,1,1,1
ST-0378,2025-2026,Grade 6,A,3,66.47,68.08,60.31,69.38,69.28,68.32,69.57,65.86,67.16,3,99,1,1,0,98.25,Compassion,Shows respect to teachers and peers,NO,3,Shows potential but needs more consistency,Unknown,,,Unknown,,At Risk,0.99999999999,0.99999999999,0,1,1,1
ST-0379,2024-2025,Grade 10,B,3,67.26,62.81,54.64,72.39,70.86,73.29,77.72,76.83,69.48,3,100,0,1,0,99.5,Compassion,Completes assignments on time,NO,3,Improving steadily in class participation,Unknown,,,Unknown,,At Risk,0.0,0.99999999999,0,1,1,1
ST-0380,2025-2026,Grade 7,D,4,75.19,79.12,72.14,77.72,83.17,72.03,85.06,84.4,78.6,0,99,1,0,1,98.75,Respect,Displays kindness and empathy,NO,4,Needs follow-up on attendance and punctuality,Unknown,,,Unknown,,Not At Risk,0.99999999999,0.0,0,1,1,0
ST-0381,2024-2025,Grade 6,D,2,79.66,87.82,87.11,98.59,94.44,94.79,95.09,95.98,91.69,0,99,1,1,0,98.25,Integrity,Demonstrates effort and perseverance,AO,2,Improving steadily in class participation,Unknown,,,Unknown,,Not At Risk,0.99999999999,0.99999999999,5,1,1,0
ST-0382,2024-2025,Grade 5,C,2,73.86,81.15,68.78,57.04,66.71,78.27,63.65,81.63,71.39,2,95,5,1,0,93.25,Integrity,Practices honesty,NO,2,Requires regular monitoring for academic progress,Academic Monitoring,2025-02-15,Parent/guardian concern about performance,Ongoing,False,Not At Risk,4.99999999995,0.99999999999,0,1,1,0
ST-0383,2025-2026,Grade 8,C,2,81.99,78.02,81.03,89.69,79.68,84.89,80.13,68.95,80.55,0,94,6,4,1,90.5,Integrity,Completes assignments on time,SO,2,Shows potential but needs more consistency,Unknown,,,Unknown,,At Risk,5.99999999994,3.99999999996,0,1,1,1
ST-0384,2025-2026,Grade 9,D,2,64.13,69.27,68.64,68.24,82.12,67.02,68.36,70.08,69.73,3,93,7,1,0,90.75,Respect,Displays kindness and empathy,NO,2,Shows potential but needs more consistency,Academic Monitoring,2025-02-15,Parent/guardian concern about performance,Worsened,True,Not At Risk,6.99999999993,0.99999999999,0,1,1,0
ST-0385,2025-2026,Grade 10,C,4,77.9,84.52,77.73,75.11,88.84,76.77,69.18,81.61,78.96,0,100,0,2,0,99.0,Integrity,Shows respect to teachers and peers,RO,4,Shows potential but needs more consistency,Unknown,,,Unknown,,At Risk,0.0,1.99999999998,0,1,1,1
ST-0386,2024-2025,Grade 5,B,2,76.95,79.05,86.02,76.85,89.8,91.37,73.45,72.51,80.75,0,100,0,2,1,99.0,Excellence,Shows respect to teachers and peers,AO,2,Improving steadily in class participation,Unknown,,,Unknown,,Not At Risk,0.0,1.99999999998,1,1,1,0
ST-0387,2025-2026,Grade 4,A,2,89.48,68.96,76.19,85.56,88.54,92.36,96.54,90.16,85.97,0,100,0,0,1,100.0,Compassion,Practices honesty,AO,2,Improving steadily in class participation,Unknown,,,Unknown,,Not At Risk,0.0,0.0,3,1,1,0
ST-0388,2024-2025,Grade 8,D,1,73.67,74.94,74.07,86.98,78.38,79.6,92.15,87.94,80.97,0,100,0,2,1,99.0,Respect,Completes assignments on time,AO,1,Requires regular monitoring for academic progress,Unknown,,,Unknown,,Not At Risk,0.0,1.99999999998,1,1,1,0
ST-0389,2024-2025,Grade 5,A,3,87.24,100.0,81.39,79.02,75.59,88.45,88.6,82.3,85.32,0,100,0,0,1,100.0,Integrity,Displays kindness and empathy,AO,3,Shows potential but needs more consistency,Unknown,,,Unknown,,Not At Risk,0.0,0.0,1,1,1,0
ST-0390,2025-2026,Grade 6,D,2,89.02,86.31,73.76,87.65,84.44,88.33,80.7,81.16,83.92,0,99,1,1,0,98.25,Integrity,Displays kindness and empathy,AO,2,Needs follow-up on attendance and punctuality,Unknown,,,Unknown,,At Risk,0.99999999999,0.99999999999,0,1,1,1
ST-0391,2024-2025,Grade 4,B,1,74.12,87.53,71.91,73.77,77.82,67.15,79.38,70.11,75.22,1,98,2,5,1,95.0,Excellence,Practices honesty,RO,1,Shows potential but needs more consistency,Counseling,2025-01-15,Low attendance and poor engagement,Worsened,False,At Risk,1.99999999998,4.99999999995,0,1,1,1
ST-0392,2024-2025,Grade 4,B,3,90.42,73.62,100.0,87.02,93.91,82.7,81.25,98.76,88.46,0,99,1,0,1,98.75,Responsibility,Practices honesty,NO,3,Requires regular monitoring for academic progress,Unknown,,,Unknown,,Not At Risk,0.99999999999,0.0,4,1,1,0
ST-0393,2024-2025,Grade 4,B,2,70.58,98.8,92.82,81.14,97.4,85.31,100.0,85.02,88.88,0,99,1,2,1,97.75,Integrity,Displays kindness and empathy,RO,2,Needs follow-up on attendance and punctuality,Unknown,,,Unknown,,Not At Risk,0.99999999999,1.99999999998,4,1,1,0
ST-0394,2025-2026,Grade 8,C,1,77.99,81.65,76.97,86.07,76.8,74.32,76.71,74.51,78.13,0,99,1,2,0,97.75,Respect,Shows respect to teachers and peers,AO,1,Requires regular monitoring for academic progress,Unknown,,,Unknown,,Not At Risk,0.99999999999,1.99999999998,0,1,1,0
ST-0395,2025-2026,Grade 4,D,1,76.77,71.61,88.29,98.96,81.56,85.24,99.15,70.4,84.0,0,100,0,2,0,99.0,Integrity,Shows respect to teachers and peers,RO,1,Needs follow-up on attendance and punctuality,Unknown,,,Unknown,,Not At Risk,0.0,1.99999999998,2,1,1,0
ST-0396,2024-2025,Grade 8,C,3,84.82,75.25,83.91,100.0,82.08,85.22,89.42,90.16,86.36,0,99,1,2,1,97.75,Integrity,Completes assignments on time,AO,3,Requires regular monitoring for academic progress,Unknown,,,Unknown,,Not At Risk,0.99999999999,1.99999999998,2,1,1,0
ST-0397,2025-2026,Grade 5,D,1,85.85,80.95,89.41,76.49,78.37,84.36,86.45,73.26,81.89,0,99,1,2,1,97.75,Excellence,Completes assignments on time,RO,1,Needs follow-up on attendance and punctuality,Unknown,,,Unknown,,Not At Risk,0.99999999999,1.99999999998,0,1,1,0
ST-0398,2024-2025,Grade 4,A,1,96.85,87.38,87.85,83.95,75.56,95.37,93.0,92.23,89.02,0,99,1,1,0,98.25,Excellence,Completes assignments on time,RO,1,Demonstrates positive effort in class,Unknown,,,Unknown,,Not At Risk,0.99999999999,0.99999999999,4,1,1,0
ST-0399,2025-2026,Grade 9,A,3,61.53,56.75,62.28,63.71,60.01,62.77,70.25,50.0,60.91,3,98,2,0,3,97.5,Integrity,Displays kindness and empathy,RO,3,Demonstrates positive effort in class,Behavioral Monitoring,2025-03-15,Low attendance and poor engagement,Improved,False,At Risk,1.99999999998,0.0,0,1,1,1
ST-0400,2024-2025,Grade 5,C,1,86.94,82.04,80.93,91.66,96.12,86.15,96.71,86.11,88.33,0,100,0,0,1,100.0,Responsibility,Completes assignments on time,SO,1,Needs follow-up on attendance and punctuality,Unknown,,,Unknown,,Not At Risk,0.0,0.0,3,1,1,0
ST-0401,2024-2025,Grade 5,A,3,75.09,78.03,71.47,63.77,60.55,78.99,58.68,82.86,71.18,2,93,7,1,0,90.75,Responsibility,Practices honesty,NO,3,Demonstrates positive effort in class,Attendance Monitoring,2025-03-15,Need for academic support and monitoring,Improved,False,At Risk,6.99999999993,0.99999999999,0,1,1,1
ST-0402,2025-2026,Grade 7,C,3,75.44,80.03,81.04,81.34,84.34,86.32,74.39,83.04,80.74,0,100,0,2,1,99.0,Respect,Shows respect to teachers and peers,NO,3,Improving steadily in class participation,Unknown,,,Unknown,,Not At Risk,0.0,1.99999999998,0,1,1,0
ST-0403,2025-2026,Grade 7,B,3,83.82,73.06,70.97,67.19,66.0,70.72,74.44,75.87,72.76,2,98,2,1,0,97.0,Compassion,Completes assignments on time,NO,3,Improving steadily in class participation,Tutoring,2025-03-15,Parent/guardian concern about performance,Worsened,,At Risk,1.99999999998,0.99999999999,0,1,1,1
ST-0404,2024-2025,Grade 10,D,4,62.08,64.53,69.02,68.22,70.0,58.77,78.42,68.58,67.45,3,100,0,2,0,99.0,Integrity,Displays kindness and empathy,RO,4,Needs follow-up on attendance and punctuality,Academic Monitoring,2025-04-15,Behavior concerns affecting learning,Improved,True,At Risk,0.0,1.99999999998,0,1,1,1
ST-0405,2025-2026,Grade 10,C,4,67.18,96.72,63.13,75.56,87.9,67.87,80.02,73.96,76.54,1,100,0,2,0,99.0,Integrity,Completes assignments on time,NO,4,Improving steadily in class participation,Unknown,,,Unknown,,At Risk,0.0,1.99999999998,1,1,1,1
ST-0406,2024-2025,Grade 5,C,1,85.34,81.42,87.99,84.47,80.03,96.18,89.43,79.94,85.6,0,100,0,0,0,100.0,Excellence,Practices honesty,AO,1,Demonstrates positive effort in class,Unknown,,,Unknown,,Not At Risk,0.0,0.0,1,1,1,0
ST-0407,2024-2025,Grade 8,B,4,81.81,77.52,82.42,90.18,92.18,89.58,93.19,75.39,85.28,0,99,1,0,0,98.75,Responsibility,Practices honesty,NO,4,Demonstrates positive effort in class,Unknown,,,Unknown,,Not At Risk,0.99999999999,0.0,3,1,1,0
ST-0408,2024-2025,Grade 7,A,3,69.23,62.57,64.84,71.09,51.85,70.27,72.76,77.53,67.52,3,99,1,2,1,97.75,Compassion,Practices honesty,RO,3,Improving steadily in class participation,Unknown,,,Unknown,,At Risk,0.99999999999,1.99999999998,0,1,1,1
ST-0409,2025-2026,Grade 10,A,2,74.62,85.32,68.76,75.14,83.82,84.42,74.7,81.25,78.5,0,97,3,2,1,95.25,Respect,Practices honesty,SO,2,Demonstrates positive effort in class,Unknown,,,Unknown,,Not At Risk,2.99999999997,1.99999999998,0,1,1,0
ST-0410,2024-2025,Grade 6,B,4,75.81,76.15,74.36,78.71,87.36,87.08,71.07,72.44,77.87,1,99,1,0,1,98.75,Integrity,Shows respect to teachers and peers,RO,4,Improving steadily in class participation,Unknown,,,Unknown,,At Risk,0.99999999999,0.0,0,1,1,1
ST-0411,2025-2026,Grade 7,B,2,71.79,75.79,90.85,88.78,80.51,75.83,79.06,100.0,82.83,0,100,0,0,0,100.0,Responsibility,Shows respect to teachers and peers,AO,2,Demonstrates positive effort in class,Unknown,,,Unknown,,Not At Risk,0.0,0.0,2,1,1,0
ST-0412,2025-2026,Grade 6,A,2,87.9,81.61,80.6,81.52,87.59,75.99,84.4,82.18,82.72,0,99,1,0,0,98.75,Respect,Shows respect to teachers and peers,RO,2,Needs follow-up on attendance and punctuality,Unknown,,,Unknown,,Not At Risk,0.99999999999,0.0,0,1,1,0
ST-0413,2025-2026,Grade 7,D,3,81.63,84.2,75.43,93.56,94.01,75.79,95.74,70.3,83.83,0,99,1,0,1,98.75,Responsibility,Completes assignments on time,SO,3,Needs follow-up on attendance and punctuality,Unknown,,,Unknown,,At Risk,0.99999999999,0.0,3,1,1,1
ST-0414,2025-2026,Grade 4,B,4,66.32,64.49,88.82,72.27,87.52,76.51,91.63,78.45,78.25,0,100,0,2,1,99.0,Compassion,Displays kindness and empathy,SO,4,Improving steadily in class participation,Unknown,,,Unknown,,Not At Risk,0.0,1.99999999998,1,1,1,0
ST-0415,2024-2025,Grade 8,C,1,84.24,76.83,92.23,81.71,79.77,76.26,97.24,100.0,86.03,0,99,1,1,0,98.25,Respect,Practices honesty,AO,1,Shows potential but needs more consistency,Unknown,,,Unknown,,Not At Risk,0.99999999999,0.99999999999,3,1,1,0
ST-0416,2024-2025,Grade 6,A,1,82.47,80.37,88.98,69.64,58.95,80.08,62.43,72.24,74.39,1,95,5,0,2,93.75,Compassion,Completes assignments on time,SO,1,Shows potential but needs more consistency,Unknown,,,Unknown,,At Risk,4.99999999995,0.0,0,1,1,1
ST-0417,2025-2026,Grade 6,B,4,80.24,89.69,71.86,78.74,78.63,93.89,82.78,78.88,81.84,0,100,0,1,0,99.5,Integrity,Demonstrates effort and perseverance,AO,4,Improving steadily in class participation,Unknown,,,Unknown,,Not At Risk,0.0,0.99999999999,1,1,1,0
ST-0418,2025-2026,Grade 10,D,1,63.99,58.04,59.08,70.75,65.28,69.1,50.0,60.11,62.04,3,100,0,2,1,99.0,Excellence,Displays kindness and empathy,SO,1,Improving steadily in class participation,Unknown,,,Unknown,,At Risk,0.0,1.99999999998,0,1,1,1
ST-0419,2025-2026,Grade 4,D,2,75.53,79.49,92.8,84.2,74.69,74.3,86.05,83.23,81.29,0,96,4,1,0,94.5,Respect,Completes assignments on time,RO,2,Requires regular monitoring for academic progress,Unknown,,,Unknown,,At Risk,3.99999999996,0.99999999999,1,1,1,1
ST-0420,2024-2025,Grade 8,D,2,64.81,96.82,83.5,75.17,73.09,72.14,87.18,75.09,78.48,1,100,0,0,0,100.0,Integrity,Practices honesty,RO,2,Shows potential but needs more consistency,Unknown,,,Unknown,,At Risk,0.0,0.0,1,1,1,1
ST-0421,2024-2025,Grade 6,D,4,70.28,80.9,78.37,71.11,78.99,80.78,83.65,81.94,78.25,0,99,1,1,0,98.25,Integrity,Practices honesty,SO,4,Needs follow-up on attendance and punctuality,Unknown,,,Unknown,,Not At Risk,0.99999999999,0.99999999999,0,1,1,0
ST-0422,2025-2026,Grade 9,A,4,83.25,72.7,82.76,77.33,80.46,86.46,74.9,88.55,80.8,0,100,0,1,1,99.5,Compassion,Completes assignments on time,AO,4,Demonstrates positive effort in class,Unknown,,,Unknown,,Not At Risk,0.0,0.99999999999,0,1,1,0
ST-0423,2025-2026,Grade 6,A,2,77.21,95.38,82.77,87.33,81.15,80.31,85.6,78.65,83.55,0,99,1,2,0,97.75,Integrity,Shows respect to teachers and peers,SO,2,Demonstrates positive effort in class,Unknown,,,Unknown,,Not At Risk,0.99999999999,1.99999999998,1,1,1,0
ST-0424,2025-2026,Grade 7,B,3,67.35,68.59,88.89,78.72,76.11,78.4,90.53,86.22,79.35,1,100,0,2,1,99.0,Responsibility,Shows respect to teachers and peers,NO,3,Improving steadily in class participation,Unknown,,,Unknown,,At Risk,0.0,1.99999999998,1,1,1,1
ST-0425,2025-2026,Grade 10,D,1,57.03,73.71,70.35,66.9,72.6,72.46,75.12,74.75,70.37,2,99,1,0,0,98.75,Responsibility,Shows respect to teachers and peers,RO,1,Requires regular monitoring for academic progress,Parent/Guardian Conference,2025-01-15,Frequent absences and missing assignments,Ongoing,,At Risk,0.99999999999,0.0,0,1,1,1
ST-0426,2024-2025,Grade 9,A,2,51.69,69.13,71.19,55.84,53.92,59.32,64.69,74.0,62.47,3,96,4,2,3,94.0,Excellence,Shows respect to teachers and peers,NO,2,Improving steadily in class participation,Tutoring,2025-02-15,Need for academic support and monitoring,Worsened,,At Risk,3.99999999996,1.99999999998,0,1,1,1
ST-0427,2025-2026,Grade 4,A,4,93.32,70.59,76.88,89.95,92.03,85.19,82.07,77.16,83.4,0,99,1,2,1,97.75,Respect,Demonstrates effort and perseverance,RO,4,Shows potential but needs more consistency,Unknown,,,Unknown,,Not At Risk,0.99999999999,1.99999999998,2,1,1,0
ST-0428,2025-2026,Grade 6,A,1,84.91,80.84,72.55,81.7,95.79,81.09,91.23,81.74,83.73,0,100,0,2,1,99.0,Respect,Displays kindness and empathy,SO,1,Shows potential but needs more consistency,Unknown,,,Unknown,,Not At Risk,0.0,1.99999999998,2,1,1,0
ST-0429,2025-2026,Grade 8,A,4,69.77,81.5,75.67,85.2,94.68,66.08,86.53,83.02,80.31,0,99,1,2,1,97.75,Respect,Demonstrates effort and perseverance,NO,4,Demonstrates positive effort in class,Unknown,,,Unknown,,Not At Risk,0.99999999999,1.99999999998,1,1,1,0
ST-0430,2024-2025,Grade 7,D,2,97.92,66.74,76.71,84.63,78.0,82.82,83.45,91.64,82.74,0,100,0,2,1,99.0,Respect,Completes assignments on time,RO,2,Shows potential but needs more consistency,Unknown,,,Unknown,,Not At Risk,0.0,1.99999999998,2,1,1,0
ST-0431,2024-2025,Grade 4,B,4,66.51,80.62,65.83,70.93,75.56,74.2,62.88,68.15,70.58,2,94,6,2,3,91.5,Responsibility,Demonstrates effort and perseverance,SO,4,Needs follow-up on attendance and punctuality,Attendance Monitoring,2025-04-15,Behavior concerns affecting learning,Not Yet Evaluated,False,At Risk,5.99999999994,1.99999999998,0,1,1,1
ST-0432,2025-2026,Grade 9,A,1,77.28,81.48,94.07,73.44,74.54,81.6,79.13,80.46,80.25,0,99,1,2,0,97.75,Integrity,Shows respect to teachers and peers,AO,1,Shows potential but needs more consistency,Unknown,,,Unknown,,Not At Risk,0.99999999999,1.99999999998,1,1,1,0
ST-0433,2025-2026,Grade 10,A,3,71.74,85.23,58.3,75.2,72.73,77.34,77.64,79.95,74.77,2,100,0,0,0,100.0,Respect,Demonstrates effort and perseverance,RO,3,Needs follow-up on attendance and punctuality,Unknown,,,Unknown,,At Risk,0.0,0.0,0,1,1,1
ST-0434,2025-2026,Grade 10,B,1,68.89,86.89,80.75,78.77,87.43,87.52,80.84,69.95,80.13,0,99,1,2,0,97.75,Excellence,Displays kindness and empathy,SO,1,Improving steadily in class participation,Unknown,,,Unknown,,Not At Risk,0.99999999999,1.99999999998,0,1,1,0
ST-0435,2025-2026,Grade 7,B,2,78.02,100.0,83.9,76.86,81.28,83.53,84.04,90.06,84.71,0,100,0,1,1,99.5,Compassion,Displays kindness and empathy,AO,2,Improving steadily in class participation,Unknown,,,Unknown,,Not At Risk,0.0,0.99999999999,2,1,1,0
ST-0436,2025-2026,Grade 7,A,4,57.13,72.4,81.45,75.15,50.0,61.69,62.72,69.54,66.26,3,94,6,1,1,92.0,Respect,Completes assignments on time,SO,4,Requires regular monitoring for academic progress,Counseling,2025-04-15,Frequent absences and missing assignments,Not Yet Evaluated,True,At Risk,5.99999999994,0.99999999999,0,1,1,1
ST-0437,2025-2026,Grade 8,C,1,76.96,76.02,84.78,63.66,74.0,76.93,78.41,80.67,76.43,0,96,4,0,0,95.0,Integrity,Shows respect to teachers and peers,SO,1,Demonstrates positive effort in class,Unknown,,,Unknown,,At Risk,3.99999999996,0.0,0,1,1,1
ST-0438,2025-2026,Grade 5,A,3,90.7,80.54,91.25,83.14,92.82,87.99,85.84,90.21,87.81,0,99,1,0,0,98.75,Excellence,Demonstrates effort and perseverance,AO,3,Needs follow-up on attendance and punctuality,Unknown,,,Unknown,,Not At Risk,0.99999999999,0.0,4,1,1,0
ST-0439,2024-2025,Grade 7,A,2,86.43,79.64,71.24,81.96,74.05,80.71,82.04,67.06,77.89,0,99,1,0,0,98.75,Compassion,Completes assignments on time,RO,2,Requires regular monitoring for academic progress,Unknown,,,Unknown,,At Risk,0.99999999999,0.0,0,1,1,1
ST-0440,2025-2026,Grade 5,C,2,76.01,100.0,81.96,77.37,93.23,84.34,96.0,90.72,87.45,0,100,0,1,0,99.5,Responsibility,Demonstrates effort and perseverance,AO,2,Improving steadily in class participation,Unknown,,,Unknown,,Not At Risk,0.0,0.99999999999,4,1,1,0
ST-0441,2024-2025,Grade 10,D,2,86.55,86.74,76.47,81.36,64.79,83.1,84.61,86.57,81.27,0,100,0,0,0,100.0,Integrity,Shows respect to teachers and peers,SO,2,Improving steadily in class participation,Unknown,,,Unknown,,Not At Risk,0.0,0.0,0,1,1,0
ST-0442,2024-2025,Grade 10,D,1,91.15,68.25,71.58,83.47,65.01,73.61,91.05,88.94,79.13,0,99,1,1,1,98.25,Compassion,Practices honesty,NO,1,Demonstrates positive effort in class,Unknown,,,Unknown,,At Risk,0.99999999999,0.99999999999,2,1,1,1
ST-0443,2025-2026,Grade 9,D,3,78.74,70.67,85.07,72.86,81.88,83.32,73.01,75.19,77.59,0,100,0,0,0,100.0,Respect,Completes assignments on time,SO,3,Needs follow-up on attendance and punctuality,Unknown,,,Unknown,,Not At Risk,0.0,0.0,0,1,1,0
ST-0444,2025-2026,Grade 6,A,4,88.52,75.64,80.0,62.19,64.86,74.65,77.47,66.45,73.72,2,100,0,0,0,100.0,Responsibility,Displays kindness and empathy,RO,4,Needs follow-up on attendance and punctuality,Unknown,,,Unknown,,At Risk,0.0,0.0,0,1,1,1
ST-0445,2024-2025,Grade 5,C,2,75.12,76.36,85.17,71.67,80.91,87.7,82.86,71.38,78.9,1,100,0,2,0,99.0,Integrity,Displays kindness and empathy,SO,2,Shows potential but needs more consistency,Unknown,,,Unknown,,Not At Risk,0.0,1.99999999998,0,1,1,0
ST-0446,2024-2025,Grade 7,D,4,75.48,75.61,82.9,77.69,69.71,64.87,65.99,70.93,72.9,2,99,1,1,1,98.25,Respect,Practices honesty,RO,4,Shows potential but needs more consistency,Unknown,,,Unknown,,At Risk,0.99999999999,0.99999999999,0,1,1,1
ST-0447,2025-2026,Grade 5,A,1,79.54,85.71,71.89,78.02,73.07,78.61,76.73,75.23,77.35,1,99,1,2,0,97.75,Excellence,Completes assignments on time,SO,1,Improving steadily in class participation,Unknown,,,Unknown,,At Risk,0.99999999999,1.99999999998,0,1,1,1
ST-0448,2024-2025,Grade 7,C,4,93.58,73.9,87.15,65.11,74.07,71.77,72.96,71.28,76.23,0,96,4,1,0,94.5,Compassion,Practices honesty,NO,4,Demonstrates positive effort in class,Unknown,,,Unknown,,At Risk,3.99999999996,0.99999999999,1,1,1,1
ST-0449,2025-2026,Grade 5,D,1,72.01,78.57,87.18,66.04,83.29,69.19,77.13,74.88,76.04,1,100,0,0,1,100.0,Compassion,Displays kindness and empathy,SO,1,Needs follow-up on attendance and punctuality,Unknown,,,Unknown,,At Risk,0.0,0.0,0,1,1,1
ST-0450,2025-2026,Grade 7,D,4,81.5,75.98,85.87,77.26,74.5,90.1,87.72,88.51,82.68,0,99,1,2,1,97.75,Respect,Shows respect to teachers and peers,AO,4,Demonstrates positive effort in class,Unknown,,,Unknown,,Not At Risk,0.99999999999,1.99999999998,1,1,1,0
ST-0451,2024-2025,Grade 10,C,3,72.97,80.31,82.49,85.93,65.84,78.97,84.86,96.06,80.93,0,99,1,0,0,98.75,Respect,Shows respect to teachers and peers,SO,3,Requires regular monitoring for academic progress,Unknown,,,Unknown,,Not At Risk,0.99999999999,0.0,1,1,1,0
ST-0452,2024-2025,Grade 8,D,4,80.08,70.57,70.57,60.87,55.87,77.69,80.94,57.22,69.23,3,100,0,1,1,99.5,Excellence,Practices honesty,RO,4,Improving steadily in class participation,Academic Monitoring,2025-04-15,Declining grades and low class participation,Not Yet Evaluated,False,Not At Risk,0.0,0.99999999999,0,1,1,0
ST-0453,2025-2026,Grade 10,C,4,76.44,89.83,71.46,79.67,95.7,91.01,71.46,75.35,81.36,0,93,7,3,0,89.75,Integrity,Displays kindness and empathy,AO,4,Requires regular monitoring for academic progress,Unknown,,,Unknown,,Not At Risk,6.99999999993,2.99999999997,2,1,1,0
ST-0454,2024-2025,Grade 7,B,1,73.2,72.76,86.18,58.37,82.51,82.43,86.31,72.02,76.72,0,98,2,0,2,97.5,Excellence,Completes assignments on time,RO,1,Shows potential but needs more consistency,Unknown,,,Unknown,,At Risk,1.99999999998,0.0,0,1,1,1
ST-0455,2025-2026,Grade 6,D,3,67.56,72.02,80.62,87.19,72.98,79.2,62.99,82.07,75.58,0,100,0,1,0,99.5,Respect,Shows respect to teachers and peers,RO,3,Demonstrates positive effort in class,Unknown,,,Unknown,,At Risk,0.0,0.99999999999,0,1,1,1
ST-0456,2024-2025,Grade 7,B,1,75.83,70.42,75.07,81.34,55.22,70.74,62.45,66.62,69.71,3,100,0,1,0,99.5,Responsibility,Completes assignments on time,NO,1,Needs follow-up on attendance and punctuality,Attendance Monitoring,2025-01-15,Parent/guardian concern about performance,No Change,False,At Risk,0.0,0.99999999999,0,1,1,1
ST-0457,2024-2025,Grade 10,C,3,93.1,75.03,81.77,86.65,68.67,77.91,81.15,84.21,81.06,0,93,7,0,2,91.25,Integrity,Displays kindness and empathy,AO,3,Shows potential but needs more consistency,Unknown,,,Unknown,,Not At Risk,6.99999999993,0.0,1,1,1,0
ST-0458,2024-2025,Grade 8,D,2,78.61,74.56,70.14,91.61,62.63,81.18,66.72,84.81,76.28,1,99,1,1,1,98.25,Respect,Completes assignments on time,SO,2,Needs follow-up on attendance and punctuality,Unknown,,,Unknown,,At Risk,0.99999999999,0.99999999999,1,1,1,1
ST-0459,2024-2025,Grade 6,A,2,77.86,97.25,79.6,81.97,91.01,71.34,82.56,77.9,82.44,0,100,0,2,1,99.0,Responsibility,Completes assignments on time,AO,2,Improving steadily in class participation,Unknown,,,Unknown,,Not At Risk,0.0,1.99999999998,2,1,1,0
ST-0460,2025-2026,Grade 10,A,3,57.85,66.43,65.41,59.61,54.53,75.11,65.0,58.62,62.82,3,99,1,0,0,98.75,Excellence,Practices honesty,RO,3,Demonstrates positive effort in class,Parent/Guardian Conference,2025-03-15,Frequent absences and missing assignments,No Change,False,At Risk,0.99999999999,0.0,0,1,1,1
ST-0461,2025-2026,Grade 9,A,4,75.18,67.61,64.88,80.31,87.86,63.59,79.53,82.74,75.21,0,93,7,5,0,88.75,Excellence,Displays kindness and empathy,SO,4,Needs follow-up on attendance and punctuality,Unknown,,,Unknown,,At Risk,6.99999999993,4.99999999995,0,1,1,1
ST-0462,2024-2025,Grade 6,C,1,91.98,84.17,80.39,92.31,95.56,79.42,94.57,67.52,85.74,0,93,7,3,1,89.75,Excellence,Shows respect to teachers and peers,RO,1,Shows potential but needs more consistency,Unknown,,,Unknown,,At Risk,6.99999999993,2.99999999997,4,1,1,1
ST-0463,2025-2026,Grade 4,B,2,88.97,82.9,82.12,80.65,57.04,74.01,84.56,89.94,80.02,0,99,1,5,3,96.25,Excellence,Displays kindness and empathy,SO,2,Requires regular monitoring for academic progress,Unknown,,,Unknown,,Not At Risk,0.99999999999,4.99999999995,0,1,1,0
ST-0464,2024-2025,Grade 9,D,4,63.27,76.78,84.18,81.56,76.15,83.46,73.77,77.33,77.06,0,99,1,2,0,97.75,Compassion,Practices honesty,SO,4,Requires regular monitoring for academic progress,Unknown,,,Unknown,,Not At Risk,0.99999999999,1.99999999998,0,1,1,0
ST-0465,2024-2025,Grade 8,D,1,83.21,67.66,71.72,65.44,68.35,74.21,71.4,65.23,70.9,2,94,6,3,3,91.0,Responsibility,Displays kindness and empathy,SO,1,Improving steadily in class participation,Counseling,2025-01-15,Behavior concerns affecting learning,Improved,,At Risk,5.99999999994,2.99999999997,0,1,1,1
ST-0466,2025-2026,Grade 7,B,2,76.23,74.78,61.46,81.37,55.88,69.8,70.58,66.75,69.61,3,93,7,3,0,89.75,Excellence,Demonstrates effort and perseverance,NO,2,Needs follow-up on attendance and punctuality,Guidance Referral,2025-02-15,Behavior concerns affecting learning,No Change,False,At Risk,6.99999999993,2.99999999997,0,1,1,1
ST-0467,2024-2025,Grade 8,B,3,65.67,65.88,65.43,74.29,61.85,69.27,80.09,69.04,68.94,3,100,0,1,1,99.5,Compassion,Shows respect to teachers and peers,AO,3,Improving steadily in class participation,Unknown,,,Unknown,,Not At Risk,0.0,0.99999999999,0,1,1,0
ST-0468,2025-2026,Grade 6,B,4,76.52,78.02,80.57,73.32,79.4,87.49,85.19,75.11,79.45,0,100,0,1,0,99.5,Excellence,Shows respect to teachers and peers,RO,4,Demonstrates positive effort in class,Unknown,,,Unknown,,Not At Risk,0.0,0.99999999999,0,1,1,0
ST-0469,2025-2026,Grade 10,C,4,70.46,65.08,84.0,71.5,81.96,84.68,76.75,72.33,75.84,0,99,1,4,0,96.75,Integrity,Shows respect to teachers and peers,SO,4,Improving steadily in class participation,Unknown,,,Unknown,,Not At Risk,0.99999999999,3.99999999996,0,1,1,0
ST-0470,2024-2025,Grade 5,C,3,68.3,60.98,68.55,81.94,70.21,83.94,72.17,64.34,71.3,2,93,7,4,3,89.25,Responsibility,Practices honesty,NO,3,Needs follow-up on attendance and punctuality,Tutoring,2025-03-15,Need for academic support and monitoring,Ongoing,False,At Risk,6.99999999993,3.99999999996,0,1,1,1
ST-0471,2025-2026,Grade 10,D,4,82.34,80.85,84.77,78.2,82.01,90.06,82.55,81.8,82.82,0,99,1,1,0,98.25,Respect,Completes assignments on time,AO,4,Needs follow-up on attendance and punctuality,Unknown,,,Unknown,,Not At Risk,0.99999999999,0.99999999999,1,1,1,0
ST-0472,2025-2026,Grade 4,C,4,73.25,94.89,100.0,89.88,81.09,88.76,80.74,71.98,85.07,0,100,0,0,1,100.0,Respect,Completes assignments on time,AO,4,Needs follow-up on attendance and punctuality,Unknown,,,Unknown,,Not At Risk,0.0,0.0,2,1,1,0
ST-0473,2024-2025,Grade 8,D,4,80.63,76.22,73.0,69.73,79.64,58.33,61.26,73.82,71.58,2,99,1,2,1,97.75,Integrity,Demonstrates effort and perseverance,AO,4,Demonstrates positive effort in class,Unknown,,,Unknown,,Not At Risk,0.99999999999,1.99999999998,0,1,1,0
ST-0474,2024-2025,Grade 5,A,3,73.5,84.17,90.94,79.35,83.07,87.0,93.0,79.24,83.78,0,100,0,1,0,99.5,Respect,Demonstrates effort and perseverance,AO,3,Needs follow-up on attendance and punctuality,Unknown,,,Unknown,,Not At Risk,0.0,0.99999999999,2,1,1,0
ST-0475,2024-2025,Grade 6,C,4,71.77,75.55,73.21,68.1,77.02,76.93,73.99,63.23,72.47,2,100,0,0,1,100.0,Excellence,Demonstrates effort and perseverance,RO,4,Demonstrates positive effort in class,Unknown,,,Unknown,,At Risk,0.0,0.0,0,1,1,1
ST-0476,2024-2025,Grade 4,C,3,78.91,77.58,70.57,65.01,67.56,68.05,69.55,75.47,71.59,2,99,1,2,1,97.75,Respect,Completes assignments on time,AO,3,Requires regular monitoring for academic progress,Unknown,,,Unknown,,Not At Risk,0.99999999999,1.99999999998,0,1,1,0
ST-0477,2025-2026,Grade 6,B,1,72.27,90.32,86.14,79.16,80.14,76.9,97.16,79.33,82.68,0,100,0,1,0,99.5,Compassion,Practices honesty,AO,1,Requires regular monitoring for academic progress,Unknown,,,Unknown,,Not At Risk,0.0,0.99999999999,2,1,1,0
ST-0478,2025-2026,Grade 4,B,2,77.01,63.33,67.83,67.71,58.72,85.9,81.84,73.94,72.03,2,100,0,1,0,99.5,Respect,Demonstrates effort and perseverance,RO,2,Shows potential but needs more consistency,Parent/Guardian Conference,2025-02-15,Parent/guardian concern about performance,Ongoing,,At Risk,0.0,0.99999999999,0,1,1,1
ST-0479,2025-2026,Grade 8,C,1,69.09,85.56,85.38,76.94,78.39,82.32,52.3,86.22,77.03,1,100,0,2,1,99.0,Excellence,Completes assignments on time,RO,1,Demonstrates positive effort in class,Unknown,,,Unknown,,At Risk,0.0,1.99999999998,0,1,1,1
ST-0480,2024-2025,Grade 4,D,2,87.0,63.4,58.29,63.58,69.14,83.71,64.9,79.68,71.21,2,95,5,3,2,92.25,Integrity,Practices honesty,NO,2,Demonstrates positive effort in class,Mentoring,2025-02-15,Parent/guardian concern about performance,Not Yet Evaluated,,At Risk,4.99999999995,2.99999999997,0,1,1,1
ST-0481,2025-2026,Grade 10,D,2,71.33,84.25,84.52,92.24,67.98,85.63,86.45,75.81,81.03,0,95,5,3,0,92.25,Excellence,Demonstrates effort and perseverance,RO,2,Demonstrates positive effort in class,Unknown,,,Unknown,,At Risk,4.99999999995,2.99999999997,1,1,1,1
ST-0482,2024-2025,Grade 6,B,2,81.29,66.15,76.77,74.66,93.01,72.22,88.58,89.84,80.32,0,99,1,0,1,98.75,Compassion,Shows respect to teachers and peers,NO,2,Shows potential but needs more consistency,Unknown,,,Unknown,,Not At Risk,0.99999999999,0.0,1,1,1,0
ST-0483,2024-2025,Grade 8,D,4,78.61,68.43,78.17,77.33,61.34,87.02,76.64,78.13,75.71,1,99,1,0,0,98.75,Integrity,Practices honesty,RO,4,Shows potential but needs more consistency,Unknown,,,Unknown,,At Risk,0.99999999999,0.0,0,1,1,1
ST-0484,2025-2026,Grade 6,A,1,86.33,69.62,88.58,83.26,91.17,77.29,69.66,86.73,81.58,0,100,0,2,1,99.0,Responsibility,Displays kindness and empathy,RO,1,Demonstrates positive effort in class,Unknown,,,Unknown,,Not At Risk,0.0,1.99999999998,1,1,1,0
ST-0485,2025-2026,Grade 5,B,4,65.35,72.35,71.42,79.02,58.9,78.13,70.61,62.79,69.82,3,95,5,4,0,91.75,Compassion,Completes assignments on time,RO,4,Requires regular monitoring for academic progress,Parent/Guardian Conference,2025-04-15,Behavior concerns affecting learning,Not Yet Evaluated,False,At Risk,4.99999999995,3.99999999996,0,1,1,1
ST-0486,2025-2026,Grade 7,D,3,66.33,73.04,73.37,59.07,68.14,69.6,62.83,75.08,68.43,3,99,1,1,0,98.25,Integrity,Practices honesty,NO,3,Improving steadily in class participation,Mentoring,2025-03-15,Low attendance and poor engagement,Ongoing,False,At Risk,0.99999999999,0.99999999999,0,1,1,1
ST-0487,2025-2026,Grade 5,D,4,76.75,82.79,78.69,62.82,72.1,71.64,61.12,81.48,73.42,2,99,1,2,1,97.75,Responsibility,Completes assignments on time,RO,4,Needs follow-up on attendance and punctuality,Unknown,,,Unknown,,At Risk,0.99999999999,1.99999999998,0,1,1,1
ST-0488,2024-2025,Grade 7,A,3,88.17,75.04,95.56,90.35,74.11,87.7,85.48,98.08,86.81,0,100,0,2,1,99.0,Responsibility,Shows respect to teachers and peers,AO,3,Requires regular monitoring for academic progress,Unknown,,,Unknown,,Not At Risk,0.0,1.99999999998,3,1,1,0
ST-0489,2025-2026,Grade 8,C,1,86.05,80.83,81.22,88.66,83.82,98.04,81.4,84.32,85.54,0,99,1,0,1,98.75,Integrity,Shows respect to teachers and peers,AO,1,Demonstrates positive effort in class,Unknown,,,Unknown,,Not At Risk,0.99999999999,0.0,1,1,1,0
ST-0490,2024-2025,Grade 4,B,4,54.02,69.5,55.63,59.73,66.42,50.0,67.17,74.24,62.09,3,98,2,3,1,96.0,Responsibility,Displays kindness and empathy,RO,4,Needs follow-up on attendance and punctuality,Attendance Monitoring,2025-04-15,Low attendance and poor engagement,No Change,False,At Risk,1.99999999998,2.99999999997,0,1,1,1
ST-0491,2025-2026,Grade 9,D,1,71.38,100.0,76.31,82.38,89.1,85.91,76.87,98.96,85.11,0,100,0,1,1,99.5,Responsibility,Completes assignments on time,AO,1,Needs follow-up on attendance and punctuality,Unknown,,,Unknown,,Not At Risk,0.0,0.99999999999,2,1,1,0
ST-0492,2025-2026,Grade 6,D,1,81.16,78.96,87.87,93.01,87.51,90.64,83.29,79.74,85.27,0,99,1,1,1,98.25,Responsibility,Displays kindness and empathy,AO,1,Demonstrates positive effort in class,Unknown,,,Unknown,,Not At Risk,0.99999999999,0.99999999999,2,1,1,0
ST-0493,2025-2026,Grade 6,B,3,76.5,87.82,78.48,90.65,85.92,78.38,94.33,84.34,84.55,0,99,1,2,1,97.75,Responsibility,Displays kindness and empathy,AO,3,Needs follow-up on attendance and punctuality,Unknown,,,Unknown,,Not At Risk,0.99999999999,1.99999999998,2,1,1,0
ST-0494,2025-2026,Grade 4,C,4,86.24,90.49,69.24,85.21,89.98,90.21,82.82,93.94,86.02,0,99,1,1,1,98.25,Integrity,Completes assignments on time,AO,4,Needs follow-up on attendance and punctuality,Unknown,,,Unknown,,Not At Risk,0.99999999999,0.99999999999,3,1,1,0
ST-0495,2025-2026,Grade 4,A,1,87.94,83.41,93.85,95.45,79.06,98.83,83.07,88.17,88.72,0,100,0,0,0,100.0,Excellence,Demonstrates effort and perseverance,AO,1,Needs follow-up on attendance and punctuality,Unknown,,,Unknown,,Not At Risk,0.0,0.0,3,1,1,0
ST-0496,2025-2026,Grade 9,A,2,68.81,90.07,82.64,71.06,79.56,73.56,68.73,78.0,76.55,0,97,3,4,2,94.25,Respect,Completes assignments on time,SO,2,Shows potential but needs more consistency,Unknown,,,Unknown,,At Risk,2.99999999997,3.99999999996,1,1,1,1
ST-0497,2025-2026,Grade 7,D,4,70.31,85.62,98.32,77.99,83.32,74.45,73.71,77.27,80.12,0,100,0,0,0,100.0,Respect,Demonstrates effort and perseverance,AO,4,Improving steadily in class participation,Unknown,,,Unknown,,Not At Risk,0.0,0.0,1,1,1,0
ST-0498,2024-2025,Grade 8,D,2,81.03,91.84,92.59,74.56,81.48,81.97,80.64,77.96,82.76,0,99,1,2,1,97.75,Respect,Demonstrates effort and perseverance,AO,2,Demonstrates positive effort in class,Unknown,,,Unknown,,At Risk,0.99999999999,1.99999999998,2,1,1,1
ST-0499,2024-2025,Grade 4,B,3,81.25,78.87,73.58,88.61,86.61,76.12,76.93,98.85,82.6,0,99,1,0,1,98.75,Respect,Demonstrates effort and perseverance,AO,3,Requires regular monitoring for academic progress,Unknown,,,Unknown,,Not At Risk,0.99999999999,0.0,1,1,1,0
ST-0500,2024-2025,Grade 10,B,3,81.18,86.63,78.26,89.45,78.82,100.0,84.53,89.14,86.0,0,100,0,2,0,99.0,Integrity,Completes assignments on time,RO,3,Demonstrates positive effort in class,Unknown,,,Unknown,,Not At Risk,0.0,1.99999999998,1,1,1,0
ST-0501,2024-2025,Grade 7,D,4,84.71,74.25,67.38,71.82,79.03,82.06,90.12,71.89,77.66,1,100,0,2,0,99.0,Excellence,Displays kindness and empathy,SO,4,Demonstrates positive effort in class,Unknown,,,Unknown,,Not At Risk,0.0,1.99999999998,1,1,1,0
ST-0502,2025-2026,Grade 8,A,4,73.96,72.99,67.26,71.58,79.61,65.97,71.95,81.48,73.1,2,99,1,2,1,97.75,Compassion,Shows respect to teachers and peers,AO,4,Improving steadily in class participation,Unknown,,,Unknown,,Not At Risk,0.99999999999,1.99999999998,0,1,1,0
ST-0503,2024-2025,Grade 5,A,2,77.79,79.88,82.38,76.66,72.09,74.28,80.47,86.01,78.7,0,96,4,0,3,95.0,Respect,Completes assignments on time,RO,2,Shows potential but needs more consistency,Unknown,,,Unknown,,At Risk,3.99999999996,0.0,0,1,1,1
ST-0504,2025-2026,Grade 5,C,4,78.46,97.82,76.78,100.0,100.0,89.96,89.11,84.52,89.58,0,100,0,1,1,99.5,Respect,Practices honesty,AO,4,Shows potential but needs more consistency,Unknown,,,Unknown,,At Risk,0.0,0.99999999999,3,1,1,1
ST-0505,2024-2025,Grade 7,D,4,74.58,74.55,62.63,83.38,87.99,89.52,74.26,88.64,79.44,0,99,1,1,1,98.25,Responsibility,Demonstrates effort and perseverance,NO,4,Improving steadily in class participation,Unknown,,,Unknown,,Not At Risk,0.99999999999,0.99999999999,0,1,1,0
ST-0506,2024-2025,Grade 5,A,1,84.51,91.28,84.15,78.78,83.11,77.86,78.88,80.59,82.4,0,99,1,0,1,98.75,Responsibility,Demonstrates effort and perseverance,AO,1,Shows potential but needs more consistency,Unknown,,,Unknown,,Not At Risk,0.99999999999,0.0,1,1,1,0
ST-0507,2025-2026,Grade 9,A,2,74.94,83.04,83.96,76.0,78.35,72.3,91.33,60.08,77.5,0,97,3,5,1,93.75,Compassion,Demonstrates effort and perseverance,SO,2,Needs follow-up on attendance and punctuality,Unknown,,,Unknown,,At Risk,2.99999999997,4.99999999995,1,1,1,1
ST-0508,2025-2026,Grade 5,C,3,78.34,75.04,79.69,93.59,92.34,89.45,74.04,69.67,81.52,0,100,0,0,0,100.0,Compassion,Completes assignments on time,AO,3,Needs follow-up on attendance and punctuality,Unknown,,,Unknown,,Not At Risk,0.0,0.0,2,1,1,0
ST-0509,2025-2026,Grade 7,D,1,85.42,72.62,86.32,88.61,79.88,74.97,80.39,69.76,79.75,0,99,1,1,1,98.25,Excellence,Completes assignments on time,AO,1,Requires regular monitoring for academic progress,Unknown,,,Unknown,,Not At Risk,0.99999999999,0.99999999999,0,1,1,0
ST-0510,2024-2025,Grade 6,B,1,87.25,100.0,82.89,75.74,93.37,84.16,87.75,88.22,87.42,0,99,1,1,0,98.25,Integrity,Practices honesty,SO,1,Needs follow-up on attendance and punctuality,Unknown,,,Unknown,,Not At Risk,0.99999999999,0.99999999999,2,1,1,0
ST-0511,2024-2025,Grade 9,C,1,71.51,62.64,85.38,79.09,79.25,81.69,86.56,92.01,79.77,1,99,1,2,0,97.75,Excellence,Completes assignments on time,AO,1,Improving steadily in class participation,Unknown,,,Unknown,,Not At Risk,0.99999999999,1.99999999998,1,1,1,0
ST-0512,2025-2026,Grade 4,B,3,70.68,69.13,77.75,79.24,68.7,85.29,66.06,73.27,73.77,2,99,1,1,0,98.25,Excellence,Demonstrates effort and perseverance,SO,3,Demonstrates positive effort in class,Unknown,,,Unknown,,At Risk,0.99999999999,0.99999999999,0,1,1,1
ST-0513,2024-2025,Grade 4,C,3,75.33,75.89,87.89,93.19,88.16,76.31,81.24,91.93,83.74,0,99,1,4,3,96.75,Integrity,Practices honesty,NO,3,Demonstrates positive effort in class,Unknown,,,Unknown,,Not At Risk,0.99999999999,3.99999999996,2,1,1,0
ST-0514,2024-2025,Grade 9,A,3,75.96,75.69,77.97,76.22,80.5,83.51,80.88,72.82,77.94,0,99,1,0,0,98.75,Integrity,Demonstrates effort and perseverance,AO,3,Requires regular monitoring for academic progress,Unknown,,,Unknown,,Not At Risk,0.99999999999,0.0,0,1,1,0
ST-0515,2025-2026,Grade 8,D,1,92.54,80.22,93.06,92.65,75.64,93.68,91.89,79.04,87.34,0,100,0,2,0,99.0,Excellence,Demonstrates effort and perseverance,SO,1,Shows potential but needs more consistency,Unknown,,,Unknown,,Not At Risk,0.0,1.99999999998,5,1,1,0
ST-0516,2025-2026,Grade 10,D,1,66.44,69.78,52.36,73.61,61.23,79.49,58.12,85.99,68.38,3,98,2,4,1,95.5,Compassion,Completes assignments on time,NO,1,Demonstrates positive effort in class,Attendance Monitoring,2025-01-15,Frequent absences and missing assignments,Ongoing,False,At Risk,1.99999999998,3.99999999996,0,1,1,1
ST-0517,2024-2025,Grade 6,C,2,91.38,89.59,76.76,77.58,85.52,81.13,92.7,78.55,84.15,0,100,0,1,0,99.5,Respect,Shows respect to teachers and peers,AO,2,Improving steadily in class participation,Unknown,,,Unknown,,Not At Risk,0.0,0.99999999999,2,1,1,0
ST-0518,2025-2026,Grade 8,C,2,67.77,72.38,76.47,85.67,79.84,73.49,69.26,93.33,77.28,0,100,0,2,1,99.0,Excellence,Shows respect to teachers and peers,NO,2,Needs follow-up on attendance and punctuality,Unknown,,,Unknown,,At Risk,0.0,1.99999999998,1,1,1,1
ST-0519,2024-2025,Grade 7,A,2,67.37,83.72,88.97,82.87,85.05,95.93,85.27,85.04,84.28,0,100,0,0,1,100.0,Excellence,Demonstrates effort and perseverance,RO,2,Improving steadily in class participation,Unknown,,,Unknown,,Not At Risk,0.0,0.0,1,1,1,0
ST-0520,2025-2026,Grade 5,D,4,86.56,79.29,73.23,98.0,91.78,83.79,74.44,100.0,85.89,0,100,0,2,1,99.0,Responsibility,Shows respect to teachers and peers,AO,4,Requires regular monitoring for academic progress,Unknown,,,Unknown,,Not At Risk,0.0,1.99999999998,3,1,1,0
ST-0521,2025-2026,Grade 8,C,1,80.17,71.93,61.13,75.77,73.09,86.76,95.5,87.45,78.98,0,100,0,1,1,99.5,Excellence,Shows respect to teachers and peers,AO,1,Needs follow-up on attendance and punctuality,Unknown,,,Unknown,,Not At Risk,0.0,0.99999999999,1,1,1,0
ST-0522,2025-2026,Grade 10,B,1,87.86,72.16,74.04,67.6,71.02,59.3,83.7,76.47,74.02,1,96,4,3,2,93.5,Excellence,Practices honesty,SO,1,Improving steadily in class participation,Unknown,,,Unknown,,At Risk,3.99999999996,2.99999999997,0,1,1,1
ST-0523,2025-2026,Grade 10,A,1,68.17,69.84,74.49,63.7,76.47,88.44,78.37,71.87,73.92,1,100,0,1,0,99.5,Integrity,Demonstrates effort and perseverance,AO,1,Demonstrates positive effort in class,Unknown,,,Unknown,,Not At Risk,0.0,0.99999999999,0,1,1,0
ST-0524,2025-2026,Grade 7,D,2,74.09,82.9,85.35,83.97,82.69,88.7,80.13,78.28,82.01,0,96,4,0,1,95.0,Excellence,Shows respect to teachers and peers,NO,2,Needs follow-up on attendance and punctuality,Unknown,,,Unknown,,Not At Risk,3.99999999996,0.0,0,1,1,0
ST-0525,2024-2025,Grade 5,A,1,79.77,52.36,71.8,78.42,70.23,74.21,60.46,81.8,71.13,2,99,1,1,1,98.25,Respect,Demonstrates effort and perseverance,NO,1,Shows potential but needs more consistency,Counseling,2025-01-15,Parent/guardian concern about performance,Ongoing,,Not At Risk,0.99999999999,0.99999999999,0,1,1,0
ST-0526,2025-2026,Grade 6,A,3,84.73,88.16,78.1,79.36,72.65,88.4,92.49,72.2,82.01,0,99,1,2,0,97.75,Integrity,Completes assignments on time,SO,3,Demonstrates positive effort in class,Unknown,,,Unknown,,Not At Risk,0.99999999999,1.99999999998,1,1,1,0
ST-0527,2024-2025,Grade 6,A,4,86.44,82.11,73.28,84.03,81.1,95.35,78.22,81.32,82.73,0,100,0,1,0,99.5,Responsibility,Displays kindness and empathy,AO,4,Demonstrates positive effort in class,Unknown,,,Unknown,,Not At Risk,0.0,0.99999999999,1,1,1,0
ST-0528,2025-2026,Grade 7,D,1,74.6,83.99,68.95,83.71,80.49,96.31,99.2,88.92,84.52,0,100,0,0,1,100.0,Responsibility,Displays kindness and empathy,SO,1,Shows potential but needs more consistency,Unknown,,,Unknown,,Not At Risk,0.0,0.0,2,1,1,0
ST-0529,2024-2025,Grade 4,C,4,65.88,57.55,70.43,74.51,61.86,51.88,85.01,79.25,68.3,3,99,1,2,0,97.75,Integrity,Completes assignments on time,SO,4,Shows potential but needs more consistency,Parent/Guardian Conference,2025-04-15,Parent/guardian concern about performance,Not Yet Evaluated,True,Not At Risk,0.99999999999,1.99999999998,0,1,1,0
ST-0530,2025-2026,Grade 4,B,3,73.93,96.2,89.25,86.73,85.59,98.39,93.18,80.13,87.92,0,99,1,2,1,97.75,Compassion,Practices honesty,AO,3,Shows potential but needs more consistency,Unknown,,,Unknown,,Not At Risk,0.99999999999,1.99999999998,3,1,1,0
ST-0531,2025-2026,Grade 10,D,4,61.03,64.2,60.83,78.64,59.71,75.81,74.53,82.64,69.67,3,100,0,2,0,99.0,Compassion,Practices honesty,AO,4,Needs follow-up on attendance and punctuality,Unknown,,,Unknown,,Not At Risk,0.0,1.99999999998,0,1,1,0
ST-0532,2025-2026,Grade 6,C,1,85.51,88.45,88.05,81.1,83.16,86.25,83.15,86.32,85.25,0,100,0,1,0,99.5,Compassion,Practices honesty,SO,1,Improving steadily in class participation,Unknown,,,Unknown,,At Risk,0.0,0.99999999999,0,1,1,1
ST-0533,2025-2026,Grade 8,A,2,90.54,95.12,81.92,87.41,65.5,87.51,91.28,85.46,85.59,0,99,1,1,0,98.25,Integrity,Shows respect to teachers and peers,RO,2,Demonstrates positive effort in class,Unknown,,,Unknown,,Not At Risk,0.99999999999,0.99999999999,3,1,1,0
ST-0534,2024-2025,Grade 10,B,3,74.94,71.38,67.87,76.84,87.98,96.5,77.66,82.76,79.49,0,99,1,1,1,98.25,Excellence,Shows respect to teachers and peers,RO,3,Improving steadily in class participation,Unknown,,,Unknown,,Not At Risk,0.99999999999,0.99999999999,1,1,1,0
ST-0535,2024-2025,Grade 8,A,1,78.5,78.05,76.48,77.67,83.15,72.38,79.41,79.02,78.08,0,99,1,1,1,98.25,Compassion,Completes assignments on time,AO,1,Improving steadily in class participation,Unknown,,,Unknown,,Not At Risk,0.99999999999,0.99999999999,0,1,1,0
ST-0536,2025-2026,Grade 9,B,4,94.85,83.1,86.49,88.48,78.86,72.81,84.17,89.83,84.82,0,99,1,1,1,98.25,Integrity,Practices honesty,AO,4,Demonstrates positive effort in class,Unknown,,,Unknown,,Not At Risk,0.99999999999,0.99999999999,1,1,1,0
ST-0537,2025-2026,Grade 6,C,3,78.85,71.88,94.02,78.12,83.69,75.84,68.26,86.2,79.61,0,94,6,2,1,91.5,Excellence,Practices honesty,SO,3,Needs follow-up on attendance and punctuality,Unknown,,,Unknown,,At Risk,5.99999999994,1.99999999998,1,1,1,1
ST-0538,2025-2026,Grade 4,B,2,92.35,81.93,86.65,84.89,88.1,96.47,97.76,100.0,91.02,0,99,1,2,1,97.75,Responsibility,Practices honesty,SO,2,Needs follow-up on attendance and punctuality,Unknown,,,Unknown,,Not At Risk,0.99999999999,1.99999999998,4,1,1,0
ST-0539,2025-2026,Grade 5,B,4,82.99,68.93,78.71,72.92,86.21,87.04,88.71,83.79,81.16,0,99,1,0,1,98.75,Responsibility,Displays kindness and empathy,AO,4,Shows potential but needs more consistency,Unknown,,,Unknown,,Not At Risk,0.99999999999,0.0,0,1,1,0
ST-0540,2025-2026,Grade 8,C,4,90.76,89.32,86.73,80.82,74.8,89.51,81.54,80.62,84.26,0,99,1,1,1,98.25,Respect,Completes assignments on time,SO,4,Demonstrates positive effort in class,Unknown,,,Unknown,,Not At Risk,0.99999999999,0.99999999999,1,1,1,0
ST-0541,2024-2025,Grade 10,A,2,81.64,70.63,88.57,80.92,71.59,86.28,81.48,82.32,80.43,0,100,0,2,0,99.0,Compassion,Shows respect to teachers and peers,AO,2,Improving steadily in class participation,Unknown,,,Unknown,,Not At Risk,0.0,1.99999999998,0,1,1,0
ST-0542,2024-2025,Grade 8,C,4,79.4,87.12,72.47,90.39,78.2,70.41,87.5,76.03,80.19,0,95,5,3,3,92.25,Excellence,Displays kindness and empathy,SO,4,Requires regular monitoring for academic progress,Unknown,,,Unknown,,At Risk,4.99999999995,2.99999999997,1,1,1,1
ST-0543,2024-2025,Grade 7,C,2,81.19,72.34,69.34,60.46,77.96,75.19,85.88,85.79,76.02,1,95,5,4,0,91.75,Compassion,Practices honesty,RO,2,Needs follow-up on attendance and punctuality,Behavioral Monitoring,2025-02-15,Need for academic support and monitoring,Worsened,True,At Risk,4.99999999995,3.99999999996,0,1,1,1
ST-0544,2025-2026,Grade 10,D,4,79.48,83.98,85.27,82.56,71.16,66.43,93.3,70.25,79.05,0,93,7,0,0,91.25,Responsibility,Displays kindness and empathy,RO,4,Shows potential but needs more consistency,Unknown,,,Unknown,,At Risk,6.99999999993,0.0,1,1,1,1
ST-0545,2024-2025,Grade 8,B,1,68.53,69.55,61.11,61.45,57.01,77.95,75.34,69.6,67.57,2,99,1,4,0,96.75,Respect,Shows respect to teachers and peers,RO,1,Shows potential but needs more consistency,Unknown,,,Unknown,,Not At Risk,0.99999999999,3.99999999996,0,1,1,0
ST-0546,2025-2026,Grade 10,B,2,73.09,88.54,61.81,63.2,63.31,79.03,69.74,64.52,70.41,2,98,2,0,0,97.5,Respect,Completes assignments on time,SO,2,Improving steadily in class participation,Counseling,2025-02-15,Parent/guardian concern about performance,Not Yet Evaluated,False,At Risk,1.99999999998,0.0,0,1,1,1
ST-0547,2025-2026,Grade 10,B,2,70.75,87.19,82.2,87.46,77.97,87.42,99.81,82.54,84.42,0,99,1,0,0,98.75,Respect,Demonstrates effort and perseverance,AO,2,Demonstrates positive effort in class,Unknown,,,Unknown,,Not At Risk,0.99999999999,0.0,1,1,1,0
ST-0548,2024-2025,Grade 9,D,1,82.88,63.62,77.5,71.16,91.34,79.87,82.0,74.86,77.9,0,100,0,2,0,99.0,Excellence,Completes assignments on time,AO,1,Improving steadily in class participation,Unknown,,,Unknown,,Not At Risk,0.0,1.99999999998,1,1,1,0
ST-0549,2024-2025,Grade 4,C,4,96.71,67.59,68.31,89.38,81.07,87.81,87.03,77.46,81.92,0,100,0,0,0,100.0,Integrity,Displays kindness and empathy,NO,4,Shows potential but needs more consistency,Unknown,,,Unknown,,Not At Risk,0.0,0.0,1,1,1,0
ST-0550,2025-2026,Grade 10,B,2,74.07,77.07,70.14,80.21,85.45,74.14,78.73,85.39,78.15,0,94,6,2,3,91.5,Respect,Displays kindness and empathy,AO,2,Shows potential but needs more consistency,Unknown,,,Unknown,,Not At Risk,5.99999999994,1.99999999998,0,1,1,0
ST-0551,2024-2025,Grade 6,D,3,56.53,78.45,72.12,72.2,73.22,88.86,70.79,70.87,72.88,2,99,1,1,0,98.25,Excellence,Practices honesty,RO,3,Shows potential but needs more consistency,Unknown,,,Unknown,,At Risk,0.99999999999,0.99999999999,0,1,1,1
ST-0552,2024-2025,Grade 7,C,4,77.59,62.49,76.23,64.05,67.72,77.48,74.18,57.69,69.68,3,99,1,2,1,97.75,Excellence,Demonstrates effort and perseverance,RO,4,Improving steadily in class participation,Unknown,,,Unknown,,At Risk,0.99999999999,1.99999999998,0,1,1,1
ST-0553,2024-2025,Grade 7,D,1,86.7,88.86,74.23,81.87,99.03,73.14,84.59,80.85,83.66,0,100,0,0,1,100.0,Respect,Practices honesty,SO,1,Improving steadily in class participation,Unknown,,,Unknown,,Not At Risk,0.0,0.0,1,1,1,0
ST-0554,2024-2025,Grade 9,A,3,84.71,61.6,74.08,82.17,85.27,78.92,84.92,77.01,78.58,0,99,1,1,0,98.25,Excellence,Demonstrates effort and perseverance,AO,3,Needs follow-up on attendance and punctuality,Unknown,,,Unknown,,Not At Risk,0.99999999999,0.99999999999,0,1,1,0
ST-0555,2024-2025,Grade 10,D,4,82.4,87.63,92.31,83.57,74.54,86.14,87.07,56.94,81.33,0,100,0,1,0,99.5,Compassion,Practices honesty,AO,4,Needs follow-up on attendance and punctuality,Unknown,,,Unknown,,Not At Risk,0.0,0.99999999999,1,1,1,0
ST-0556,2024-2025,Grade 9,D,3,59.79,65.26,62.45,79.76,57.14,65.56,64.68,61.96,64.58,3,97,3,5,0,93.75,Respect,Completes assignments on time,RO,3,Improving steadily in class participation,Academic Monitoring,2025-03-15,Parent/guardian concern about performance,Improved,False,At Risk,2.99999999997,4.99999999995,0,1,1,1
ST-0557,2024-2025,Grade 8,B,2,74.08,79.0,73.95,78.45,64.35,84.86,74.83,67.59,74.64,2,100,0,0,0,100.0,Responsibility,Completes assignments on time,RO,2,Shows potential but needs more consistency,Unknown,,,Unknown,,At Risk,0.0,0.0,0,1,1,1
ST-0558,2024-2025,Grade 4,B,4,63.71,71.45,71.72,59.87,85.1,74.42,61.38,72.66,70.04,2,95,5,3,0,92.25,Respect,Demonstrates effort and perseverance,NO,4,Needs follow-up on attendance and punctuality,Parent/Guardian Conference,2025-04-15,Frequent absences and missing assignments,Not Yet Evaluated,,Not At Risk,4.99999999995,2.99999999997,0,1,1,0
ST-0559,2024-2025,Grade 7,B,2,80.5,93.2,78.29,83.18,86.58,94.94,81.4,89.94,86.0,0,100,0,0,0,100.0,Excellence,Practices honesty,AO,2,Improving steadily in class participation,Unknown,,,Unknown,,Not At Risk,0.0,0.0,2,1,1,0
ST-0560,2024-2025,Grade 4,A,4,87.7,95.09,84.74,70.37,77.65,71.66,90.13,78.91,82.03,0,100,0,1,1,99.5,Excellence,Shows respect to teachers and peers,RO,4,Needs follow-up on attendance and punctuality,Unknown,,,Unknown,,Not At Risk,0.0,0.99999999999,2,1,1,0
ST-0561,2024-2025,Grade 5,B,3,86.36,75.18,80.78,84.57,70.27,75.11,93.79,75.54,80.2,0,100,0,1,1,99.5,Respect,Displays kindness and empathy,NO,3,Shows potential but needs more consistency,Unknown,,,Unknown,,Not At Risk,0.0,0.99999999999,1,1,1,0
ST-0562,2025-2026,Grade 7,D,2,67.37,60.74,66.08,80.2,67.93,71.8,73.49,72.09,69.96,3,100,0,2,1,99.0,Respect,Practices honesty,NO,2,Improving steadily in class participation,Unknown,,,Unknown,,At Risk,0.0,1.99999999998,0,1,1,1
ST-0563,2024-2025,Grade 4,A,2,84.25,86.89,82.33,84.38,83.31,81.3,80.77,90.47,84.21,0,100,0,1,0,99.5,Respect,Displays kindness and empathy,AO,2,Needs follow-up on attendance and punctuality,Unknown,,,Unknown,,At Risk,0.0,0.99999999999,1,1,1,1
ST-0564,2025-2026,Grade 5,C,1,90.55,56.83,91.14,84.56,87.92,74.73,79.11,68.48,79.17,0,99,1,2,0,97.75,Integrity,Demonstrates effort and perseverance,AO,1,Improving steadily in class participation,Unknown,,,Unknown,,Not At Risk,0.99999999999,1.99999999998,2,1,1,0
ST-0565,2025-2026,Grade 9,C,2,73.74,77.47,94.59,80.09,88.47,92.07,92.22,74.11,84.09,0,100,0,2,0,99.0,Compassion,Practices honesty,AO,2,Demonstrates positive effort in class,Unknown,,,Unknown,,Not At Risk,0.0,1.99999999998,3,1,1,0
ST-0566,2024-2025,Grade 4,C,2,92.22,97.27,94.42,96.82,88.67,98.33,94.26,89.9,93.99,0,100,0,1,0,99.5,Responsibility,Completes assignments on time,AO,2,Needs follow-up on attendance and punctuality,Unknown,,,Unknown,,At Risk,0.0,0.99999999999,6,1,1,1
ST-0567,2025-2026,Grade 4,C,3,76.3,91.75,84.99,73.29,91.01,86.07,84.12,82.14,83.71,0,99,1,2,1,97.75,Respect,Practices honesty,RO,3,Improving steadily in class participation,Unknown,,,Unknown,,Not At Risk,0.99999999999,1.99999999998,2,1,1,0
ST-0568,2024-2025,Grade 9,C,2,67.79,66.17,81.52,82.85,79.75,87.73,88.67,71.13,78.2,0,100,0,1,0,99.5,Respect,Demonstrates effort and perseverance,RO,2,Needs follow-up on attendance and punctuality,Unknown,,,Unknown,,Not At Risk,0.0,0.99999999999,0,1,1,0
ST-0569,2025-2026,Grade 7,C,2,75.41,75.14,73.53,63.67,75.85,84.5,84.67,92.86,78.2,0,99,1,2,1,97.75,Compassion,Practices honesty,AO,2,Shows potential but needs more consistency,Unknown,,,Unknown,,Not At Risk,0.99999999999,1.99999999998,1,1,1,0
ST-0570,2025-2026,Grade 4,D,1,76.73,63.64,68.34,85.34,82.65,100.0,89.83,83.38,81.24,0,99,1,2,0,97.75,Respect,Demonstrates effort and perseverance,SO,1,Demonstrates positive effort in class,Unknown,,,Unknown,,At Risk,0.99999999999,1.99999999998,1,1,1,1
ST-0571,2024-2025,Grade 8,B,4,70.7,66.35,79.31,79.18,76.51,81.47,75.56,71.16,75.03,1,99,1,1,1,98.25,Integrity,Practices honesty,NO,4,Improving steadily in class participation,Unknown,,,Unknown,,Not At Risk,0.99999999999,0.99999999999,0,1,1,0
ST-0572,2024-2025,Grade 7,B,4,65.28,73.42,59.26,50.0,68.44,68.73,65.45,50.0,62.57,3,96,4,2,1,94.0,Respect,Practices honesty,NO,4,Demonstrates positive effort in class,Academic Monitoring,2025-04-15,Low attendance and poor engagement,Not Yet Evaluated,False,At Risk,3.99999999996,1.99999999998,0,1,1,1
ST-0573,2024-2025,Grade 6,D,4,62.18,68.58,72.56,67.24,72.31,70.66,72.69,74.32,70.07,2,95,5,3,2,92.25,Responsibility,Completes assignments on time,RO,4,Improving steadily in class participation,Counseling,2025-04-15,Parent/guardian concern about performance,Worsened,True,At Risk,4.99999999995,2.99999999997,0,1,1,1
ST-0574,2025-2026,Grade 5,D,1,80.42,91.89,77.09,96.2,79.67,88.82,78.4,83.38,84.48,0,99,1,1,0,98.25,Excellence,Shows respect to teachers and peers,AO,1,Improving steadily in class participation,Unknown,,,Unknown,,Not At Risk,0.99999999999,0.99999999999,2,1,1,0
ST-0575,2024-2025,Grade 10,B,1,73.07,73.63,66.07,66.46,83.49,73.63,81.38,77.77,74.44,1,100,0,1,0,99.5,Integrity,Demonstrates effort and perseverance,RO,1,Improving steadily in class participation,Unknown,,,Unknown,,At Risk,0.0,0.99999999999,0,1,1,1
ST-0576,2024-2025,Grade 7,D,2,69.09,71.64,64.76,72.1,78.95,64.25,84.57,78.73,73.01,2,100,0,1,1,99.5,Excellence,Displays kindness and empathy,SO,2,Needs follow-up on attendance and punctuality,Unknown,,,Unknown,,At Risk,0.0,0.99999999999,0,1,1,1
ST-0577,2025-2026,Grade 8,D,4,71.24,78.73,71.6,75.29,88.02,90.01,77.17,63.5,76.94,0,99,1,1,0,98.25,Compassion,Demonstrates effort and perseverance,SO,4,Requires regular monitoring for academic progress,Unknown,,,Unknown,,Not At Risk,0.99999999999,0.99999999999,1,1,1,0
ST-0578,2024-2025,Grade 6,C,2,88.93,76.61,79.68,88.8,74.88,91.9,88.93,69.08,82.35,0,100,0,2,0,99.0,Excellence,Demonstrates effort and perseverance,SO,2,Needs follow-up on attendance and punctuality,Unknown,,,Unknown,,Not At Risk,0.0,1.99999999998,1,1,1,0
ST-0579,2024-2025,Grade 10,D,2,63.03,66.42,64.05,87.54,75.91,67.06,64.9,81.58,71.31,2,99,1,1,0,98.25,Respect,Practices honesty,SO,2,Requires regular monitoring for academic progress,Unknown,,,Unknown,,Not At Risk,0.99999999999,0.99999999999,0,1,1,0
ST-0580,2025-2026,Grade 4,A,2,93.78,81.17,89.14,76.87,79.78,89.51,98.18,84.5,86.62,0,100,0,0,0,100.0,Respect,Displays kindness and empathy,AO,2,Shows potential but needs more consistency,Unknown,,,Unknown,,Not At Risk,0.0,0.0,2,1,1,0
ST-0581,2024-2025,Grade 10,A,3,67.64,71.42,68.66,68.29,87.25,85.81,70.92,64.54,73.07,2,100,0,0,1,100.0,Compassion,Completes assignments on time,RO,3,Improving steadily in class participation,Mentoring,2025-03-15,Frequent absences and missing assignments,Ongoing,True,At Risk,0.0,0.0,0,1,1,1
ST-0582,2025-2026,Grade 5,A,2,72.5,77.08,79.76,72.4,72.21,79.28,81.18,82.38,77.1,1,100,0,0,0,100.0,Integrity,Practices honesty,RO,2,Improving steadily in class participation,Unknown,,,Unknown,,At Risk,0.0,0.0,0,1,1,1
ST-0583,2024-2025,Grade 4,A,4,76.23,92.54,77.71,92.33,83.05,100.0,72.9,86.55,85.16,0,99,1,0,0,98.75,Excellence,Completes assignments on time,SO,4,Needs follow-up on attendance and punctuality,Unknown,,,Unknown,,Not At Risk,0.99999999999,0.0,3,1,1,0
ST-0584,2024-2025,Grade 9,A,4,69.41,84.55,78.1,67.67,86.76,59.18,69.82,63.13,72.33,2,99,1,0,1,98.75,Compassion,Practices honesty,AO,4,Shows potential but needs more consistency,Unknown,,,Unknown,,Not At Risk,0.99999999999,0.0,0,1,1,0
ST-0585,2025-2026,Grade 7,D,4,82.33,73.73,81.38,87.87,67.37,66.65,81.41,60.12,75.11,1,99,1,1,1,98.25,Respect,Demonstrates effort and perseverance,AO,4,Requires regular monitoring for academic progress,Unknown,,,Unknown,,Not At Risk,0.99999999999,0.99999999999,0,1,1,0
ST-0586,2024-2025,Grade 6,A,3,81.33,100.0,85.91,92.35,79.54,85.75,89.19,87.23,87.66,0,99,1,2,1,97.75,Excellence,Practices honesty,RO,3,Demonstrates positive effort in class,Unknown,,,Unknown,,Not At Risk,0.99999999999,1.99999999998,2,1,1,0
ST-0587,2024-2025,Grade 5,A,2,83.2,72.18,83.5,72.17,78.54,86.84,78.62,81.37,79.55,0,94,6,1,0,92.0,Excellence,Demonstrates effort and perseverance,SO,2,Shows potential but needs more consistency,Unknown,,,Unknown,,At Risk,5.99999999994,0.99999999999,0,1,1,1
ST-0588,2025-2026,Grade 5,B,1,78.57,80.36,86.84,76.78,73.21,90.02,85.92,81.17,81.61,0,99,1,0,1,98.75,Excellence,Practices honesty,AO,1,Demonstrates positive effort in class,Unknown,,,Unknown,,Not At Risk,0.99999999999,0.0,1,1,1,0
ST-0589,2025-2026,Grade 8,D,3,77.46,86.62,87.46,81.63,85.91,81.26,88.04,84.51,84.11,0,99,1,2,0,97.75,Compassion,Displays kindness and empathy,RO,3,Shows potential but needs more consistency,Unknown,,,Unknown,,Not At Risk,0.99999999999,1.99999999998,0,1,1,0
ST-0590,2025-2026,Grade 7,B,1,61.08,65.89,82.02,84.39,69.72,77.14,88.98,63.62,74.11,2,100,0,1,1,99.5,Responsibility,Practices honesty,SO,1,Shows potential but needs more consistency,Unknown,,,Unknown,,At Risk,0.0,0.99999999999,0,1,1,1
ST-0591,2024-2025,Grade 5,A,3,96.81,74.63,90.89,88.65,89.68,77.36,100.0,91.49,88.69,0,99,1,0,0,98.75,Respect,Shows respect to teachers and peers,AO,3,Improving steadily in class participation,Unknown,,,Unknown,,Not At Risk,0.99999999999,0.0,4,1,1,0
ST-0592,2025-2026,Grade 4,A,2,78.95,94.72,80.93,91.33,75.59,97.11,72.75,77.3,83.58,0,99,1,1,1,98.25,Excellence,Demonstrates effort and perseverance,SO,2,Shows potential but needs more consistency,Unknown,,,Unknown,,Not At Risk,0.99999999999,0.99999999999,3,1,1,0
ST-0593,2024-2025,Grade 10,D,3,80.02,85.61,84.05,79.7,75.33,87.84,89.56,83.57,83.21,0,99,1,0,1,98.75,Responsibility,Practices honesty,AO,3,Requires regular monitoring for academic progress,Unknown,,,Unknown,,Not At Risk,0.99999999999,0.0,0,1,1,0
ST-0594,2025-2026,Grade 5,A,1,72.47,66.57,66.98,65.84,62.03,57.54,63.72,80.4,66.94,3,97,3,2,3,95.25,Excellence,Demonstrates effort and perseverance,NO,1,Needs follow-up on attendance and punctuality,Mentoring,2025-01-15,Low attendance and poor engagement,No Change,False,At Risk,2.99999999997,1.99999999998,0,1,1,1
ST-0595,2024-2025,Grade 5,A,4,71.66,85.29,68.71,96.62,80.34,100.0,90.55,88.61,85.22,0,100,0,2,1,99.0,Respect,Demonstrates effort and perseverance,AO,4,Requires regular monitoring for academic progress,Unknown,,,Unknown,,Not At Risk,0.0,1.99999999998,3,1,1,0
ST-0596,2025-2026,Grade 7,D,4,68.56,69.59,75.81,71.7,85.75,83.27,77.93,88.54,77.64,0,100,0,2,0,99.0,Integrity,Practices honesty,AO,4,Demonstrates positive effort in class,Unknown,,,Unknown,,Not At Risk,0.0,1.99999999998,0,1,1,0
ST-0597,2024-2025,Grade 7,D,2,70.38,75.78,85.67,80.8,83.52,75.29,71.74,74.22,77.17,1,99,1,2,1,97.75,Compassion,Displays kindness and empathy,NO,2,Requires regular monitoring for academic progress,Academic Monitoring,2025-02-15,Need for academic support and monitoring,Ongoing,True,At Risk,0.99999999999,1.99999999998,0,1,1,1
ST-0598,2024-2025,Grade 4,B,3,66.38,68.48,79.79,83.12,58.71,95.63,88.43,85.57,78.26,0,95,5,3,3,92.25,Excellence,Displays kindness and empathy,SO,3,Improving steadily in class participation,Unknown,,,Unknown,,Not At Risk,4.99999999995,2.99999999997,1,1,1,0
ST-0599,2024-2025,Grade 7,B,3,73.03,63.94,64.09,70.87,68.82,64.46,74.8,66.06,68.26,3,99,1,0,0,98.75,Responsibility,Shows respect to teachers and peers,SO,3,Shows potential but needs more consistency,Unknown,,,Unknown,,At Risk,0.99999999999,0.0,0,1,1,1
ST-0600,2024-2025,Grade 8,A,2,67.74,62.73,70.58,64.37,80.81,81.77,83.74,69.48,72.65,2,99,1,2,0,97.75,Respect,Shows respect to teachers and peers,RO,2,Shows potential but needs more consistency,Academic Monitoring,2025-02-15,Behavior concerns affecting learning,Ongoing,,At Risk,0.99999999999,1.99999999998,0,1,1,1
ST-0601,2025-2026,Grade 7,B,4,88.18,76.55,88.31,71.38,80.2,73.19,97.89,80.32,82.0,0,99,1,0,1,98.75,Respect,Practices honesty,AO,4,Needs follow-up on attendance and punctuality,Unknown,,,Unknown,,Not At Risk,0.99999999999,0.0,1,1,1,0
ST-0602,2024-2025,Grade 4,B,2,85.99,90.02,86.06,85.76,80.6,92.13,81.55,81.01,85.39,0,100,0,2,1,99.0,Excellence,Displays kindness and empathy,AO,2,Requires regular monitoring for academic progress,Unknown,,,Unknown,,Not At Risk,0.0,1.99999999998,2,1,1,0
ST-0603,2025-2026,Grade 8,B,4,72.07,74.76,86.98,78.47,78.12,81.13,62.6,67.91,75.25,0,100,0,2,0,99.0,Excellence,Completes assignments on time,RO,4,Needs follow-up on attendance and punctuality,Unknown,,,Unknown,,At Risk,0.0,1.99999999998,0,1,1,1
ST-0604,2024-2025,Grade 7,C,3,77.34,74.02,82.41,83.96,84.04,90.12,87.57,78.47,82.24,0,100,0,0,0,100.0,Excellence,Practices honesty,RO,3,Shows potential but needs more consistency,Unknown,,,Unknown,,Not At Risk,0.0,0.0,1,1,1,0
ST-0605,2025-2026,Grade 10,A,4,81.43,81.66,87.8,77.37,73.1,87.9,83.3,89.93,82.81,0,99,1,3,3,97.25,Compassion,Completes assignments on time,AO,4,Needs follow-up on attendance and punctuality,Unknown,,,Unknown,,Not At Risk,0.99999999999,2.99999999997,0,1,1,0
ST-0606,2025-2026,Grade 7,B,4,58.52,61.19,78.06,60.65,62.59,62.88,64.81,76.56,65.66,3,94,6,5,3,90.0,Integrity,Demonstrates effort and perseverance,SO,4,Needs follow-up on attendance and punctuality,Behavioral Monitoring,2025-04-15,Behavior concerns affecting learning,Improved,,At Risk,5.99999999994,4.99999999995,0,1,1,1
ST-0607,2024-2025,Grade 6,A,3,93.85,78.97,81.51,63.86,79.53,79.74,81.63,81.3,80.05,0,99,1,1,0,98.25,Respect,Displays kindness and empathy,NO,3,Demonstrates positive effort in class,Unknown,,,Unknown,,Not At Risk,0.99999999999,0.99999999999,1,1,1,0
ST-0608,2025-2026,Grade 4,D,2,66.12,53.24,73.21,59.06,86.77,69.59,67.44,71.4,68.35,3,100,0,1,1,99.5,Excellence,Displays kindness and empathy,AO,2,Shows potential but needs more consistency,Unknown,,,Unknown,,Not At Risk,0.0,0.99999999999,0,1,1,0
ST-0609,2025-2026,Grade 9,C,4,78.57,79.56,63.16,75.43,69.42,73.19,69.12,74.14,72.82,1,94,6,0,3,92.5,Responsibility,Displays kindness and empathy,RO,4,Requires regular monitoring for academic progress,Unknown,,,Unknown,,At Risk,5.99999999994,0.0,0,1,1,1
ST-0610,2025-2026,Grade 6,A,1,76.86,85.77,81.94,84.25,75.39,80.92,76.67,77.96,79.97,1,100,0,0,0,100.0,Respect,Completes assignments on time,NO,1,Requires regular monitoring for academic progress,Unknown,,,Unknown,,At Risk,0.0,0.0,0,1,1,1
ST-0611,2024-2025,Grade 6,A,1,91.97,92.56,82.18,83.9,91.89,88.6,87.9,72.42,86.43,0,99,1,0,1,98.75,Excellence,Displays kindness and empathy,RO,1,Requires regular monitoring for academic progress,Unknown,,,Unknown,,Not At Risk,0.99999999999,0.0,3,1,1,0
ST-0612,2025-2026,Grade 4,D,1,81.92,78.53,98.63,93.92,99.82,84.59,98.72,87.31,90.43,0,100,0,0,0,100.0,Responsibility,Shows respect to teachers and peers,NO,1,Needs follow-up on attendance and punctuality,Unknown,,,Unknown,,Not At Risk,0.0,0.0,4,1,1,0
ST-0613,2024-2025,Grade 5,A,1,85.86,70.36,81.64,89.72,74.53,67.72,71.58,75.85,77.16,0,99,1,1,0,98.25,Integrity,Completes assignments on time,SO,1,Requires regular monitoring for academic progress,Unknown,,,Unknown,,Not At Risk,0.99999999999,0.99999999999,0,1,1,0
ST-0614,2025-2026,Grade 6,B,4,83.16,96.19,94.64,77.48,84.96,97.4,90.95,85.84,88.83,0,99,1,2,1,97.75,Excellence,Shows respect to teachers and peers,SO,4,Improving steadily in class participation,Unknown,,,Unknown,,Not At Risk,0.99999999999,1.99999999998,4,1,1,0
ST-0615,2024-2025,Grade 9,A,2,78.78,77.29,85.03,100.0,70.93,77.25,79.92,67.06,79.53,0,100,0,0,0,100.0,Respect,Displays kindness and empathy,AO,2,Needs follow-up on attendance and punctuality,Unknown,,,Unknown,,Not At Risk,0.0,0.0,1,1,1,0
ST-0616,2025-2026,Grade 7,C,4,84.44,91.6,86.08,78.98,74.36,82.39,83.04,81.43,82.79,0,100,0,0,1,100.0,Compassion,Completes assignments on time,AO,4,Demonstrates positive effort in class,Unknown,,,Unknown,,Not At Risk,0.0,0.0,1,1,1,0
ST-0617,2024-2025,Grade 6,B,3,61.98,65.19,63.42,62.43,66.69,64.36,62.93,70.77,64.72,3,100,0,0,1,100.0,Excellence,Demonstrates effort and perseverance,AO,3,Improving steadily in class participation,Parent/Guardian Conference,2025-03-15,Low attendance and poor engagement,Worsened,,At Risk,0.0,0.0,0,1,1,1
ST-0618,2024-2025,Grade 6,C,3,88.55,72.58,95.27,86.82,89.75,82.56,84.02,100.0,87.44,0,99,1,2,1,97.75,Excellence,Completes assignments on time,SO,3,Demonstrates positive effort in class,Unknown,,,Unknown,,Not At Risk,0.99999999999,1.99999999998,2,1,1,0
ST-0619,2024-2025,Grade 5,A,3,79.53,92.9,89.98,97.5,83.77,78.23,84.88,79.79,85.82,0,100,0,1,1,99.5,Respect,Practices honesty,SO,3,Demonstrates positive effort in class,Unknown,,,Unknown,,Not At Risk,0.0,0.99999999999,2,1,1,0
ST-0620,2024-2025,Grade 5,C,1,75.37,83.31,75.67,89.83,83.92,83.03,91.61,82.27,83.13,0,99,1,0,0,98.75,Excellence,Practices honesty,NO,1,Improving steadily in class participation,Unknown,,,Unknown,,At Risk,0.99999999999,0.0,1,1,1,1
ST-0621,2024-2025,Grade 9,B,2,72.06,85.25,69.37,76.78,71.71,81.03,87.21,85.21,78.58,0,94,6,3,2,91.0,Compassion,Demonstrates effort and perseverance,RO,2,Improving steadily in class participation,Unknown,,,Unknown,,Not At Risk,5.99999999994,2.99999999997,0,1,1,0
ST-0622,2024-2025,Grade 10,D,2,78.84,88.57,90.34,78.49,90.56,74.14,75.49,77.13,81.69,0,99,1,2,1,97.75,Responsibility,Completes assignments on time,RO,2,Shows potential but needs more consistency,Unknown,,,Unknown,,Not At Risk,0.99999999999,1.99999999998,2,1,1,0
ST-0623,2024-2025,Grade 5,B,2,79.13,80.17,81.57,74.64,65.77,66.66,75.23,89.37,76.57,1,100,0,0,1,100.0,Compassion,Shows respect to teachers and peers,RO,2,Requires regular monitoring for academic progress,Unknown,,,Unknown,,Not At Risk,0.0,0.0,0,1,1,0
ST-0624,2024-2025,Grade 9,D,1,69.15,74.43,59.54,50.0,50.0,61.48,50.0,52.95,58.44,3,95,5,1,1,93.25,Integrity,Displays kindness and empathy,NO,1,Needs follow-up on attendance and punctuality,Parent/Guardian Conference,2025-01-15,Need for academic support and monitoring,Worsened,False,At Risk,4.99999999995,0.99999999999,0,1,1,1
ST-0625,2025-2026,Grade 8,B,1,81.19,78.73,74.02,69.33,85.45,78.65,59.38,70.31,74.63,2,99,1,1,1,98.25,Respect,Demonstrates effort and perseverance,RO,1,Improving steadily in class participation,Unknown,,,Unknown,,At Risk,0.99999999999,0.99999999999,0,1,1,1
ST-0626,2024-2025,Grade 10,B,2,84.95,77.25,74.11,79.15,75.27,81.05,80.87,85.57,79.78,0,100,0,1,1,99.5,Responsibility,Shows respect to teachers and peers,AO,2,Requires regular monitoring for academic progress,Unknown,,,Unknown,,Not At Risk,0.0,0.99999999999,0,1,1,0
ST-0627,2024-2025,Grade 8,D,1,66.72,82.1,86.21,79.13,80.45,80.71,92.62,81.78,81.21,0,100,0,2,0,99.0,Excellence,Shows respect to teachers and peers,SO,1,Shows potential but needs more consistency,Unknown,,,Unknown,,Not At Risk,0.0,1.99999999998,1,1,1,0
ST-0628,2024-2025,Grade 7,A,4,85.6,70.28,72.92,75.69,90.21,84.0,78.31,71.23,78.53,0,99,1,0,0,98.75,Responsibility,Demonstrates effort and perseverance,AO,4,Requires regular monitoring for academic progress,Unknown,,,Unknown,,Not At Risk,0.99999999999,0.0,1,1,1,0
ST-0629,2025-2026,Grade 6,D,1,80.44,75.67,81.68,76.05,84.38,76.68,81.63,74.31,78.85,1,100,0,1,0,99.5,Excellence,Completes assignments on time,SO,1,Demonstrates positive effort in class,Unknown,,,Unknown,,Not At Risk,0.0,0.99999999999,0,1,1,0
ST-0630,2025-2026,Grade 8,A,2,90.17,82.75,89.57,85.59,88.34,93.7,83.7,73.74,85.95,0,100,0,1,0,99.5,Excellence,Demonstrates effort and perseverance,AO,2,Demonstrates positive effort in class,Unknown,,,Unknown,,Not At Risk,0.0,0.99999999999,2,1,1,0
ST-0631,2025-2026,Grade 10,A,2,59.65,70.33,74.03,50.0,60.17,55.61,60.17,50.0,60.0,3,95,5,3,1,92.25,Responsibility,Demonstrates effort and perseverance,NO,2,Shows potential but needs more consistency,Parent/Guardian Conference,2025-02-15,Parent/guardian concern about performance,Ongoing,,At Risk,4.99999999995,2.99999999997,0,1,1,1
ST-0632,2025-2026,Grade 6,B,2,77.65,70.2,72.35,70.73,77.53,87.4,97.93,82.55,79.54,0,94,6,0,2,92.5,Respect,Displays kindness and empathy,NO,2,Needs follow-up on attendance and punctuality,Unknown,,,Unknown,,At Risk,5.99999999994,0.0,1,1,1,1
ST-0633,2024-2025,Grade 7,A,4,73.33,60.54,75.38,72.56,69.37,78.6,72.53,68.1,71.3,2,99,1,0,1,98.75,Respect,Practices honesty,NO,4,Demonstrates positive effort in class,Unknown,,,Unknown,,Not At Risk,0.99999999999,0.0,0,1,1,0
ST-0634,2025-2026,Grade 7,C,3,83.98,82.34,83.58,87.3,83.96,96.85,70.03,82.03,83.76,0,100,0,2,0,99.0,Compassion,Shows respect to teachers and peers,SO,3,Needs follow-up on attendance and punctuality,Unknown,,,Unknown,,Not At Risk,0.0,1.99999999998,1,1,1,0
ST-0635,2024-2025,Grade 10,C,2,53.62,63.07,67.65,62.38,62.96,51.74,67.81,62.15,61.42,3,95,5,2,1,92.75,Respect,Completes assignments on time,NO,2,Demonstrates positive effort in class,Tutoring,2025-02-15,Parent/guardian concern about performance,Improved,False,At Risk,4.99999999995,1.99999999998,0,1,1,1
ST-0636,2024-2025,Grade 5,D,3,85.29,84.58,82.83,69.78,62.7,84.75,88.4,83.43,80.22,0,93,7,5,3,88.75,Respect,Shows respect to teachers and peers,RO,3,Improving steadily in class participation,Unknown,,,Unknown,,At Risk,6.99999999993,4.99999999995,0,1,1,1
ST-0637,2024-2025,Grade 10,A,1,65.99,76.51,79.71,81.31,78.58,75.82,76.88,74.69,76.19,0,99,1,2,1,97.75,Respect,Demonstrates effort and perseverance,NO,1,Improving steadily in class participation,Unknown,,,Unknown,,At Risk,0.99999999999,1.99999999998,0,1,1,1
ST-0638,2025-2026,Grade 6,C,2,86.32,70.87,75.54,77.71,77.74,86.06,73.75,78.39,78.3,0,99,1,0,3,98.75,Responsibility,Completes assignments on time,AO,2,Requires regular monitoring for academic progress,Unknown,,,Unknown,,Not At Risk,0.99999999999,0.0,0,1,1,0
ST-0639,2024-2025,Grade 4,B,4,74.73,62.8,82.34,83.29,78.06,76.2,76.45,77.59,76.43,1,99,1,0,1,98.75,Integrity,Shows respect to teachers and peers,SO,4,Shows potential but needs more consistency,Academic Monitoring,2025-04-15,Parent/guardian concern about performance,Improved,True,At Risk,0.99999999999,0.0,0,1,1,1
ST-0640,2024-2025,Grade 10,A,2,86.14,68.86,71.82,89.47,98.35,90.88,87.57,100.0,86.64,0,99,1,0,0,98.75,Excellence,Completes assignments on time,AO,2,Demonstrates positive effort in class,Unknown,,,Unknown,,Not At Risk,0.99999999999,0.0,3,1,1,0
ST-0641,2024-2025,Grade 7,D,4,74.47,80.4,81.15,79.36,82.3,99.67,92.95,82.26,84.07,0,100,0,0,0,100.0,Excellence,Demonstrates effort and perseverance,RO,4,Improving steadily in class participation,Unknown,,,Unknown,,Not At Risk,0.0,0.0,2,1,1,0
ST-0642,2025-2026,Grade 4,B,2,74.66,92.7,98.36,85.77,58.65,83.92,83.03,82.97,82.51,0,100,0,1,1,99.5,Compassion,Demonstrates effort and perseverance,RO,2,Improving steadily in class participation,Unknown,,,Unknown,,Not At Risk,0.0,0.99999999999,2,1,1,0
ST-0643,2025-2026,Grade 10,D,4,72.01,70.7,80.7,69.49,82.39,66.84,91.22,86.99,77.54,0,100,0,2,1,99.0,Responsibility,Displays kindness and empathy,SO,4,Requires regular monitoring for academic progress,Unknown,,,Unknown,,Not At Risk,0.0,1.99999999998,1,1,1,0
ST-0644,2024-2025,Grade 6,A,3,100.0,80.33,96.88,95.13,87.29,81.18,89.64,72.21,87.83,0,100,0,1,1,99.5,Respect,Demonstrates effort and perseverance,AO,3,Demonstrates positive effort in class,Unknown,,,Unknown,,Not At Risk,0.0,0.99999999999,3,1,1,0
ST-0645,2024-2025,Grade 7,A,4,79.7,73.55,92.26,76.23,74.93,81.02,77.01,71.51,78.28,0,100,0,0,1,100.0,Respect,Displays kindness and empathy,AO,4,Shows potential but needs more consistency,Unknown,,,Unknown,,Not At Risk,0.0,0.0,1,1,1,0
ST-0646,2025-2026,Grade 7,A,2,96.7,85.9,84.74,75.52,84.13,74.5,92.12,93.17,85.85,0,100,0,1,1,99.5,Responsibility,Shows respect to teachers and peers,AO,2,Requires regular monitoring for academic progress,Unknown,,,Unknown,,Not At Risk,0.0,0.99999999999,3,1,1,0
ST-0647,2025-2026,Grade 10,D,1,68.49,77.58,92.47,78.11,79.48,85.96,80.17,89.97,81.53,0,100,0,2,0,99.0,Respect,Shows respect to teachers and peers,RO,1,Improving steadily in class participation,Unknown,,,Unknown,,Not At Risk,0.0,1.99999999998,1,1,1,0
ST-0648,2025-2026,Grade 10,B,1,73.14,69.78,85.74,77.13,72.57,63.54,84.07,77.68,75.46,1,99,1,1,1,98.25,Respect,Practices honesty,NO,1,Requires regular monitoring for academic progress,Unknown,,,Unknown,,Not At Risk,0.99999999999,0.99999999999,0,1,1,0
ST-0649,2024-2025,Grade 8,C,1,60.41,78.31,80.44,67.23,87.95,61.52,69.06,66.16,71.38,2,100,0,1,1,99.5,Integrity,Practices honesty,SO,1,Requires regular monitoring for academic progress,Unknown,,,Unknown,,At Risk,0.0,0.99999999999,0,1,1,1
ST-0650,2025-2026,Grade 7,B,1,87.67,71.54,74.34,76.7,77.38,80.69,91.33,71.95,78.95,0,99,1,2,1,97.75,Excellence,Shows respect to teachers and peers,NO,1,Needs follow-up on attendance and punctuality,Unknown,,,Unknown,,Not At Risk,0.99999999999,1.99999999998,1,1,1,0
ST-0651,2024-2025,Grade 7,C,1,92.5,94.46,68.97,95.45,86.07,99.07,75.25,86.57,87.29,0,93,7,2,0,90.25,Respect,Shows respect to teachers and peers,NO,1,Requires regular monitoring for academic progress,Unknown,,,Unknown,,At Risk,6.99999999993,1.99999999998,4,1,1,1
ST-0652,2024-2025,Grade 4,D,1,65.97,78.57,50.0,64.43,66.78,75.34,56.24,76.45,66.72,3,99,1,0,1,98.75,Excellence,Displays kindness and empathy,RO,1,Shows potential but needs more consistency,Unknown,,,Unknown,,At Risk,0.99999999999,0.0,0,1,1,1
ST-0653,2024-2025,Grade 10,D,3,84.27,78.91,80.6,85.23,86.44,85.77,84.34,82.48,83.5,0,100,0,2,1,99.0,Respect,Completes assignments on time,AO,3,Shows potential but needs more consistency,Unknown,,,Unknown,,Not At Risk,0.0,1.99999999998,0,1,1,0
ST-0654,2025-2026,Grade 10,B,1,71.36,86.23,72.92,94.2,83.91,70.59,70.54,86.92,79.58,0,99,1,0,1,98.75,Excellence,Completes assignments on time,AO,1,Requires regular monitoring for academic progress,Unknown,,,Unknown,,Not At Risk,0.99999999999,0.0,1,1,1,0
ST-0655,2025-2026,Grade 7,A,3,78.66,66.6,75.16,68.99,66.22,54.91,66.9,81.16,69.82,3,100,0,2,0,99.0,Responsibility,Shows respect to teachers and peers,SO,3,Needs follow-up on attendance and punctuality,Unknown,,,Unknown,,At Risk,0.0,1.99999999998,0,1,1,1
ST-0656,2024-2025,Grade 7,B,1,77.19,76.44,66.5,89.86,70.32,91.09,72.8,77.94,77.77,0,99,1,1,2,98.25,Responsibility,Shows respect to teachers and peers,RO,1,Requires regular monitoring for academic progress,Unknown,,,Unknown,,At Risk,0.99999999999,0.99999999999,1,1,1,1
ST-0657,2024-2025,Grade 6,D,4,72.67,82.61,86.04,96.63,71.79,82.86,100.0,71.21,82.98,0,100,0,2,1,99.0,Responsibility,Demonstrates effort and perseverance,SO,4,Demonstrates positive effort in class,Unknown,,,Unknown,,Not At Risk,0.0,1.99999999998,2,1,1,0
ST-0658,2025-2026,Grade 8,C,2,68.22,70.74,77.89,75.73,65.12,66.23,86.49,69.19,72.45,2,100,0,1,0,99.5,Excellence,Practices honesty,NO,2,Demonstrates positive effort in class,Unknown,,,Unknown,,At Risk,0.0,0.99999999999,0,1,1,1
ST-0659,2025-2026,Grade 7,B,2,72.3,69.52,55.02,54.98,60.42,71.79,68.57,73.8,65.8,3,99,1,2,1,97.75,Responsibility,Displays kindness and empathy,RO,2,Requires regular monitoring for academic progress,Unknown,,,Unknown,,At Risk,0.99999999999,1.99999999998,0,1,1,1
ST-0660,2024-2025,Grade 7,A,3,79.11,70.39,72.02,62.48,69.57,65.31,79.87,70.44,71.15,1,94,6,1,1,92.0,Responsibility,Displays kindness and empathy,AO,3,Requires regular monitoring for academic progress,Unknown,,,Unknown,,At Risk,5.99999999994,0.99999999999,0,1,1,1
ST-0661,2024-2025,Grade 10,C,3,75.9,78.64,62.96,64.08,67.6,88.07,63.56,55.69,69.56,3,94,6,4,3,90.5,Responsibility,Displays kindness and empathy,SO,3,Shows potential but needs more consistency,Parent/Guardian Conference,2025-03-15,Parent/guardian concern about performance,Not Yet Evaluated,True,At Risk,5.99999999994,3.99999999996,0,1,1,1
ST-0662,2025-2026,Grade 5,C,4,78.9,87.53,72.47,82.91,64.52,80.9,70.84,67.66,75.72,1,99,1,2,0,97.75,Respect,Practices honesty,RO,4,Requires regular monitoring for academic progress,Unknown,,,Unknown,,At Risk,0.99999999999,1.99999999998,0,1,1,1
ST-0663,2025-2026,Grade 7,C,1,81.05,89.26,89.84,83.83,71.57,73.04,96.72,74.57,82.48,0,100,0,2,1,99.0,Responsibility,Demonstrates effort and perseverance,SO,1,Needs follow-up on attendance and punctuality,Unknown,,,Unknown,,Not At Risk,0.0,1.99999999998,1,1,1,0
ST-0664,2024-2025,Grade 6,A,1,74.06,83.62,79.59,85.24,80.67,75.3,94.51,72.49,80.69,0,96,4,5,2,92.5,Compassion,Shows respect to teachers and peers,SO,1,Shows potential but needs more consistency,Unknown,,,Unknown,,At Risk,3.99999999996,4.99999999995,1,1,1,1
ST-0665,2025-2026,Grade 10,B,1,58.52,73.09,78.65,66.62,56.45,66.28,56.31,57.79,64.21,3,99,1,0,0,98.75,Excellence,Practices honesty,SO,1,Demonstrates positive effort in class,Mentoring,2025-01-15,Need for academic support and monitoring,Ongoing,False,At Risk,0.99999999999,0.0,0,1,1,1
ST-0666,2024-2025,Grade 6,D,4,92.59,94.76,62.18,84.03,90.37,82.47,78.23,76.2,82.6,0,100,0,1,1,99.5,Compassion,Completes assignments on time,SO,4,Requires regular monitoring for academic progress,Unknown,,,Unknown,,Not At Risk,0.0,0.99999999999,3,1,1,0
ST-0667,2024-2025,Grade 6,A,1,94.74,96.98,86.75,83.91,87.76,79.18,88.48,97.26,89.38,0,100,0,2,0,99.0,Respect,Displays kindness and empathy,RO,1,Needs follow-up on attendance and punctuality,Unknown,,,Unknown,,Not At Risk,0.0,1.99999999998,3,1,1,0
ST-0668,2024-2025,Grade 5,A,3,74.57,78.3,85.33,84.35,85.93,73.48,73.95,87.76,80.46,0,93,7,2,1,90.25,Responsibility,Practices honesty,NO,3,Demonstrates positive effort in class,Unknown,,,Unknown,,At Risk,6.99999999993,1.99999999998,0,1,1,1
ST-0669,2025-2026,Grade 9,C,4,67.96,71.54,69.8,84.7,50.68,63.83,71.33,74.33,69.27,3,94,6,4,0,90.5,Excellence,Shows respect to teachers and peers,AO,4,Shows potential but needs more consistency,Parent/Guardian Conference,2025-04-15,Parent/guardian concern about performance,Ongoing,True,At Risk,5.99999999994,3.99999999996,0,1,1,1
ST-0670,2025-2026,Grade 9,A,1,83.4,90.93,75.45,89.66,82.16,74.41,79.78,70.41,80.77,0,100,0,0,0,100.0,Compassion,Demonstrates effort and perseverance,AO,1,Needs follow-up on attendance and punctuality,Unknown,,,Unknown,,Not At Risk,0.0,0.0,1,1,1,0
ST-0671,2025-2026,Grade 5,D,2,77.47,78.71,86.9,73.74,68.87,91.43,74.79,81.51,79.18,0,100,0,1,0,99.5,Integrity,Completes assignments on time,AO,2,Shows potential but needs more consistency,Unknown,,,Unknown,,Not At Risk,0.0,0.99999999999,1,1,1,0
ST-0672,2025-2026,Grade 9,B,2,70.78,77.03,86.96,95.55,86.28,83.43,94.19,98.3,86.56,0,99,1,0,0,98.75,Integrity,Displays kindness and empathy,AO,2,Requires regular monitoring for academic progress,Unknown,,,Unknown,,Not At Risk,0.99999999999,0.0,3,1,1,0
ST-0673,2024-2025,Grade 9,C,2,63.35,93.17,81.23,62.61,70.87,77.12,85.23,75.84,76.18,0,99,1,4,1,96.75,Responsibility,Practices honesty,RO,2,Needs follow-up on attendance and punctuality,Unknown,,,Unknown,,At Risk,0.99999999999,3.99999999996,1,1,1,1
ST-0674,2024-2025,Grade 4,C,3,71.82,85.35,97.59,96.81,72.95,77.09,86.49,85.51,84.2,0,99,1,1,0,98.25,Excellence,Practices honesty,AO,3,Requires regular monitoring for academic progress,Unknown,,,Unknown,,Not At Risk,0.99999999999,0.99999999999,2,1,1,0
ST-0675,2025-2026,Grade 9,A,2,71.52,76.3,86.14,78.46,89.96,94.3,83.06,78.16,82.24,0,99,1,1,1,98.25,Responsibility,Shows respect to teachers and peers,RO,2,Shows potential but needs more consistency,Unknown,,,Unknown,,Not At Risk,0.99999999999,0.99999999999,1,1,1,0
ST-0676,2025-2026,Grade 10,D,4,77.29,85.66,80.21,69.03,74.62,89.42,87.55,92.25,82.0,0,100,0,0,1,100.0,Respect,Completes assignments on time,SO,4,Shows potential but needs more consistency,Unknown,,,Unknown,,Not At Risk,0.0,0.0,1,1,1,0
ST-0677,2025-2026,Grade 6,B,4,81.05,83.48,98.89,91.66,88.16,91.19,84.64,68.85,85.99,0,99,1,0,0,98.75,Excellence,Displays kindness and empathy,SO,4,Shows potential but needs more consistency,Unknown,,,Unknown,,Not At Risk,0.99999999999,0.0,3,1,1,0
ST-0678,2024-2025,Grade 6,B,4,85.82,62.9,56.4,67.46,89.37,86.04,69.53,79.3,74.6,2,100,0,1,1,99.5,Responsibility,Shows respect to teachers and peers,RO,4,Demonstrates positive effort in class,Unknown,,,Unknown,,Not At Risk,0.0,0.99999999999,0,1,1,0
ST-0679,2025-2026,Grade 7,B,1,72.68,78.68,77.96,75.24,74.75,76.09,82.77,82.29,77.56,1,99,1,1,0,98.25,Responsibility,Shows respect to teachers and peers,SO,1,Needs follow-up on attendance and punctuality,Unknown,,,Unknown,,At Risk,0.99999999999,0.99999999999,0,1,1,1
ST-0680,2024-2025,Grade 7,D,3,58.6,63.21,64.7,59.25,65.36,66.03,58.13,61.54,62.1,3,96,4,5,3,92.5,Respect,Demonstrates effort and perseverance,NO,3,Improving steadily in class participation,Mentoring,2025-03-15,Frequent absences and missing assignments,Ongoing,False,At Risk,3.99999999996,4.99999999995,0,1,1,1
ST-0681,2025-2026,Grade 6,D,1,77.56,70.34,72.44,92.27,67.68,74.32,83.23,75.39,76.65,0,100,0,0,0,100.0,Excellence,Displays kindness and empathy,NO,1,Demonstrates positive effort in class,Unknown,,,Unknown,,At Risk,0.0,0.0,1,1,1,1
ST-0682,2025-2026,Grade 10,B,2,78.98,80.89,74.39,77.83,85.23,86.24,68.9,79.15,78.95,0,100,0,0,1,100.0,Respect,Practices honesty,SO,2,Demonstrates positive effort in class,Unknown,,,Unknown,,Not At Risk,0.0,0.0,0,1,1,0
ST-0683,2024-2025,Grade 7,B,2,64.98,74.29,78.75,58.08,64.6,59.88,73.11,82.09,69.47,3,100,0,0,0,100.0,Integrity,Practices honesty,RO,2,Requires regular monitoring for academic progress,Unknown,,,Unknown,,At Risk,0.0,0.0,0,1,1,1
ST-0684,2025-2026,Grade 6,D,3,85.81,77.92,81.63,100.0,91.04,84.47,89.36,82.16,86.55,0,99,1,1,0,98.25,Excellence,Shows respect to teachers and peers,AO,3,Shows potential but needs more consistency,Unknown,,,Unknown,,Not At Risk,0.99999999999,0.99999999999,2,1,1,0
ST-0685,2024-2025,Grade 4,D,2,82.76,86.59,68.91,76.03,83.04,68.68,75.9,80.45,77.8,1,100,0,2,1,99.0,Responsibility,Demonstrates effort and perseverance,RO,2,Shows potential but needs more consistency,Unknown,,,Unknown,,At Risk,0.0,1.99999999998,0,1,1,1
ST-0686,2025-2026,Grade 7,A,2,70.32,62.4,87.77,65.06,63.25,70.05,67.08,71.38,69.66,3,100,0,0,0,100.0,Compassion,Practices honesty,SO,2,Demonstrates positive effort in class,Unknown,,,Unknown,,At Risk,0.0,0.0,0,1,1,1
ST-0687,2025-2026,Grade 8,C,4,67.36,73.29,73.27,50.0,59.98,69.14,59.97,69.23,65.28,3,94,6,0,2,92.5,Compassion,Practices honesty,RO,4,Demonstrates positive effort in class,Counseling,2025-04-15,Low attendance and poor engagement,Worsened,True,Not At Risk,5.99999999994,0.0,0,1,1,0
ST-0688,2025-2026,Grade 4,C,3,70.19,80.64,81.52,78.99,79.89,74.88,82.84,94.06,80.38,0,96,4,4,2,93.0,Compassion,Demonstrates effort and perseverance,RO,3,Shows potential but needs more consistency,Unknown,,,Unknown,,At Risk,3.99999999996,3.99999999996,1,1,1,1
ST-0689,2025-2026,Grade 5,A,3,82.38,74.41,87.66,67.98,88.03,78.54,63.47,66.33,76.1,0,95,5,3,0,92.25,Integrity,Practices honesty,RO,3,Requires regular monitoring for academic progress,Unknown,,,Unknown,,At Risk,4.99999999995,2.99999999997,0,1,1,1
ST-0690,2025-2026,Grade 4,D,4,67.38,79.42,78.4,93.82,79.19,71.19,83.21,90.9,80.44,0,96,4,3,1,93.5,Excellence,Practices honesty,RO,4,Shows potential but needs more consistency,Unknown,,,Unknown,,Not At Risk,3.99999999996,2.99999999997,2,1,1,0
ST-0691,2024-2025,Grade 9,C,2,84.05,85.47,89.44,84.3,94.01,73.75,89.48,86.87,85.92,0,99,1,1,1,98.25,Compassion,Shows respect to teachers and peers,SO,2,Requires regular monitoring for academic progress,Unknown,,,Unknown,,Not At Risk,0.99999999999,0.99999999999,1,1,1,0
ST-0692,2024-2025,Grade 5,C,4,96.79,84.56,71.58,82.48,79.61,95.13,98.77,85.85,86.85,0,100,0,1,0,99.5,Responsibility,Shows respect to teachers and peers,SO,4,Demonstrates positive effort in class,Unknown,,,Unknown,,Not At Risk,0.0,0.99999999999,3,1,1,0
ST-0693,2025-2026,Grade 8,B,4,79.73,82.51,92.84,85.1,77.17,87.93,77.48,70.79,81.69,0,100,0,0,1,100.0,Respect,Completes assignments on time,AO,4,Requires regular monitoring for academic progress,Unknown,,,Unknown,,Not At Risk,0.0,0.0,1,1,1,0
ST-0694,2025-2026,Grade 9,C,2,88.04,91.64,66.07,93.52,73.84,68.88,81.69,79.6,80.41,0,100,0,1,1,99.5,Excellence,Practices honesty,AO,2,Shows potential but needs more consistency,Unknown,,,Unknown,,Not At Risk,0.0,0.99999999999,2,1,1,0
ST-0695,2025-2026,Grade 7,A,4,89.99,73.47,74.14,78.79,78.43,85.01,92.44,77.23,81.19,0,99,1,1,1,98.25,Excellence,Practices honesty,AO,4,Needs follow-up on attendance and punctuality,Unknown,,,Unknown,,Not At Risk,0.99999999999,0.99999999999,1,1,1,0
ST-0696,2025-2026,Grade 7,B,3,77.92,82.86,78.67,85.09,79.15,91.22,95.0,99.51,86.18,0,99,1,0,1,98.75,Respect,Demonstrates effort and perseverance,AO,3,Requires regular monitoring for academic progress,Unknown,,,Unknown,,Not At Risk,0.99999999999,0.0,3,1,1,0
ST-0697,2024-2025,Grade 6,D,2,58.23,86.3,83.12,74.78,75.79,80.61,82.9,81.74,77.93,0,100,0,0,1,100.0,Responsibility,Displays kindness and empathy,RO,2,Requires regular monitoring for academic progress,Unknown,,,Unknown,,At Risk,0.0,0.0,0,1,1,1
ST-0698,2024-2025,Grade 10,B,4,65.12,63.16,62.95,73.94,69.51,68.76,66.05,62.57,66.51,3,98,2,5,1,95.0,Respect,Completes assignments on time,RO,4,Needs follow-up on attendance and punctuality,Counseling,2025-04-15,Behavior concerns affecting learning,Improved,True,At Risk,1.99999999998,4.99999999995,0,1,1,1
ST-0699,2025-2026,Grade 4,D,4,99.24,74.0,93.83,89.34,81.99,76.27,77.98,81.33,84.25,0,100,0,1,1,99.5,Excellence,Completes assignments on time,AO,4,Shows potential but needs more consistency,Unknown,,,Unknown,,Not At Risk,0.0,0.99999999999,2,1,1,0
ST-0700,2025-2026,Grade 4,D,3,80.23,87.83,76.96,88.38,82.6,92.94,79.34,74.41,82.84,0,99,1,2,1,97.75,Compassion,Demonstrates effort and perseverance,RO,3,Demonstrates positive effort in class,Unknown,,,Unknown,,Not At Risk,0.99999999999,1.99999999998,1,1,1,0
ST-0701,2025-2026,Grade 9,A,3,78.42,77.93,71.32,73.11,80.11,79.99,79.51,73.38,76.72,0,100,0,2,0,99.0,Respect,Practices honesty,SO,3,Shows potential but needs more consistency,Unknown,,,Unknown,,Not At Risk,0.0,1.99999999998,0,1,1,0
ST-0702,2025-2026,Grade 9,A,2,82.43,76.1,77.76,89.06,80.25,78.49,76.82,81.23,80.27,0,100,0,0,0,100.0,Excellence,Displays kindness and empathy,AO,2,Improving steadily in class participation,Unknown,,,Unknown,,Not At Risk,0.0,0.0,0,1,1,0
ST-0703,2025-2026,Grade 8,C,2,67.77,88.14,77.97,62.93,63.69,75.8,68.88,79.24,73.05,2,100,0,2,1,99.0,Integrity,Practices honesty,SO,2,Needs follow-up on attendance and punctuality,Unknown,,,Unknown,,At Risk,0.0,1.99999999998,0,1,1,1
ST-0704,2024-2025,Grade 8,D,3,72.94,74.87,80.63,94.43,79.86,89.61,78.86,83.65,81.86,0,99,1,2,0,97.75,Compassion,Demonstrates effort and perseverance,SO,3,Requires regular monitoring for academic progress,Unknown,,,Unknown,,Not At Risk,0.99999999999,1.99999999998,1,1,1,0
ST-0705,2025-2026,Grade 5,A,1,85.79,89.4,97.19,80.48,68.69,91.96,82.13,75.54,83.9,0,100,0,2,1,99.0,Responsibility,Displays kindness and empathy,SO,1,Shows potential but needs more consistency,Unknown,,,Unknown,,Not At Risk,0.0,1.99999999998,2,1,1,0
ST-0706,2024-2025,Grade 6,C,4,88.1,87.23,89.42,79.78,70.39,82.17,83.4,84.18,83.08,0,95,5,5,1,91.25,Compassion,Practices honesty,NO,4,Improving steadily in class participation,Unknown,,,Unknown,,At Risk,4.99999999995,4.99999999995,0,1,1,1
ST-0707,2025-2026,Grade 10,C,2,81.82,84.4,79.46,93.1,85.33,76.2,70.38,85.61,82.04,0,99,1,2,1,97.75,Responsibility,Displays kindness and empathy,RO,2,Needs follow-up on attendance and punctuality,Unknown,,,Unknown,,Not At Risk,0.99999999999,1.99999999998,1,1,1,0
ST-0708,2024-2025,Grade 6,B,1,81.75,90.66,91.5,64.1,85.07,88.51,92.76,83.71,84.76,0,99,1,0,0,98.75,Respect,Shows respect to teachers and peers,SO,1,Improving steadily in class participation,Unknown,,,Unknown,,Not At Risk,0.99999999999,0.0,3,1,1,0
ST-0709,2024-2025,Grade 5,D,3,96.49,83.47,74.33,75.38,92.7,90.87,89.01,72.35,84.33,0,100,0,0,1,100.0,Respect,Completes assignments on time,SO,3,Requires regular monitoring for academic progress,Unknown,,,Unknown,,Not At Risk,0.0,0.0,3,1,1,0
ST-0710,2025-2026,Grade 9,B,1,78.27,75.2,82.18,58.31,80.97,73.89,78.67,73.5,75.12,0,100,0,2,1,99.0,Responsibility,Displays kindness and empathy,SO,1,Requires regular monitoring for academic progress,Unknown,,,Unknown,,Not At Risk,0.0,1.99999999998,0,1,1,0
ST-0711,2024-2025,Grade 6,B,3,70.82,62.51,70.16,64.56,65.72,74.47,86.63,64.06,69.87,3,100,0,0,0,100.0,Compassion,Displays kindness and empathy,NO,3,Demonstrates positive effort in class,Unknown,,,Unknown,,At Risk,0.0,0.0,0,1,1,1
ST-0712,2024-2025,Grade 10,B,3,67.17,85.5,89.96,88.65,71.05,68.23,81.94,74.85,78.42,0,99,1,0,1,98.75,Compassion,Demonstrates effort and perseverance,NO,3,Demonstrates positive effort in class,Unknown,,,Unknown,,Not At Risk,0.99999999999,0.0,0,1,1,0
ST-0713,2025-2026,Grade 8,B,1,78.07,68.61,95.12,92.86,80.73,78.94,86.6,98.3,84.9,0,99,1,2,1,97.75,Responsibility,Displays kindness and empathy,NO,1,Improving steadily in class participation,Unknown,,,Unknown,,Not At Risk,0.99999999999,1.99999999998,3,1,1,0
ST-0714,2024-2025,Grade 10,B,4,78.39,66.31,59.21,67.69,75.32,51.17,50.0,58.69,63.35,3,96,4,3,0,93.5,Respect,Shows respect to teachers and peers,NO,4,Improving steadily in class participation,Parent/Guardian Conference,2025-04-15,Frequent absences and missing assignments,Ongoing,True,Not At Risk,3.99999999996,2.99999999997,0,1,1,0
ST-0715,2024-2025,Grade 5,A,1,76.97,76.34,81.44,67.03,88.0,63.83,71.96,65.03,73.82,2,100,0,1,1,99.5,Respect,Displays kindness and empathy,AO,1,Shows potential but needs more consistency,Unknown,,,Unknown,,Not At Risk,0.0,0.99999999999,0,1,1,0
ST-0716,2024-2025,Grade 8,C,3,88.24,82.85,68.22,86.8,87.35,72.46,84.29,87.23,82.18,0,99,1,1,1,98.25,Respect,Practices honesty,RO,3,Demonstrates positive effort in class,Unknown,,,Unknown,,At Risk,0.99999999999,0.99999999999,0,1,1,1
ST-0717,2024-2025,Grade 4,C,3,81.59,86.4,97.14,87.0,65.57,94.9,82.89,78.5,84.25,0,100,0,0,1,100.0,Respect,Shows respect to teachers and peers,RO,3,Improving steadily in class participation,Unknown,,,Unknown,,Not At Risk,0.0,0.0,2,1,1,0
ST-0718,2025-2026,Grade 4,D,3,74.44,64.96,72.3,73.98,75.92,61.8,66.55,78.78,71.09,2,100,0,0,1,100.0,Responsibility,Practices honesty,RO,3,Requires regular monitoring for academic progress,Unknown,,,Unknown,,At Risk,0.0,0.0,0,1,1,1
ST-0719,2025-2026,Grade 10,A,2,77.85,78.18,69.09,79.29,72.46,71.7,84.79,82.68,77.0,0,99,1,1,0,98.25,Integrity,Shows respect to teachers and peers,RO,2,Requires regular monitoring for academic progress,Unknown,,,Unknown,,At Risk,0.99999999999,0.99999999999,0,1,1,1
ST-0720,2024-2025,Grade 5,A,1,81.87,66.8,62.43,69.23,76.61,78.54,87.83,75.16,74.81,2,100,0,2,1,99.0,Respect,Practices honesty,SO,1,Needs follow-up on attendance and punctuality,Unknown,,,Unknown,,At Risk,0.0,1.99999999998,0,1,1,1
ST-0721,2025-2026,Grade 8,C,1,80.42,79.37,79.85,93.9,84.07,80.98,77.94,70.36,80.86,0,99,1,0,1,98.75,Integrity,Displays kindness and empathy,SO,1,Improving steadily in class participation,Unknown,,,Unknown,,Not At Risk,0.99999999999,0.0,1,1,1,0
ST-0722,2024-2025,Grade 5,D,3,83.51,66.16,62.58,88.24,82.8,82.22,73.24,68.27,75.88,0,94,6,0,1,92.5,Excellence,Completes assignments on time,RO,3,Improving steadily in class participation,Unknown,,,Unknown,,Not At Risk,5.99999999994,0.0,0,1,1,0
ST-0723,2025-2026,Grade 7,A,1,77.32,73.08,79.49,83.01,87.29,94.62,79.06,96.44,83.79,0,93,7,3,3,89.75,Compassion,Shows respect to teachers and peers,RO,1,Shows potential but needs more consistency,Unknown,,,Unknown,,At Risk,6.99999999993,2.99999999997,2,1,1,1
ST-0724,2024-2025,Grade 7,B,2,87.97,89.5,68.67,95.43,95.95,77.97,78.59,90.36,85.56,0,100,0,1,1,99.5,Respect,Shows respect to teachers and peers,SO,2,Requires regular monitoring for academic progress,Unknown,,,Unknown,,Not At Risk,0.0,0.99999999999,3,1,1,0
ST-0725,2025-2026,Grade 4,B,4,83.36,85.79,92.2,74.04,84.95,98.66,85.29,80.82,85.64,0,96,4,1,0,94.5,Compassion,Shows respect to teachers and peers,AO,4,Shows potential but needs more consistency,Unknown,,,Unknown,,Not At Risk,3.99999999996,0.99999999999,2,1,1,0
ST-0726,2025-2026,Grade 6,A,3,86.14,81.11,76.8,81.8,76.6,80.74,92.46,79.62,81.91,0,100,0,0,1,100.0,Respect,Demonstrates effort and perseverance,SO,3,Requires regular monitoring for academic progress,Unknown,,,Unknown,,Not At Risk,0.0,0.0,1,1,1,0
ST-0727,2024-2025,Grade 7,B,3,82.45,80.23,84.52,79.97,67.49,74.73,80.27,83.18,79.1,0,96,4,1,3,94.5,Integrity,Displays kindness and empathy,RO,3,Requires regular monitoring for academic progress,Unknown,,,Unknown,,At Risk,3.99999999996,0.99999999999,0,1,1,1
ST-0728,2024-2025,Grade 6,B,4,82.34,84.56,80.26,87.76,62.18,79.32,100.0,85.42,82.73,0,99,1,1,1,98.25,Responsibility,Practices honesty,NO,4,Needs follow-up on attendance and punctuality,Unknown,,,Unknown,,Not At Risk,0.99999999999,0.99999999999,1,1,1,0
ST-0729,2025-2026,Grade 5,A,3,84.07,87.73,77.9,94.07,80.73,92.59,82.66,89.07,86.1,0,100,0,2,1,99.0,Compassion,Shows respect to teachers and peers,SO,3,Shows potential but needs more consistency,Unknown,,,Unknown,,Not At Risk,0.0,1.99999999998,2,1,1,0
ST-0730,2025-2026,Grade 9,C,1,83.2,83.16,92.24,89.68,84.63,81.22,84.57,81.66,85.05,0,100,0,0,1,100.0,Responsibility,Shows respect to teachers and peers,SO,1,Demonstrates positive effort in class,Unknown,,,Unknown,,At Risk,0.0,0.0,1,1,1,1
ST-0731,2025-2026,Grade 5,C,3,86.83,88.31,76.12,95.26,67.12,76.64,88.03,84.18,82.81,0,97,3,4,3,94.25,Responsibility,Completes assignments on time,AO,3,Needs follow-up on attendance and punctuality,Unknown,,,Unknown,,Not At Risk,2.99999999997,3.99999999996,1,1,1,0
ST-0732,2025-2026,Grade 7,C,1,75.12,82.53,87.91,88.8,87.92,84.29,81.99,69.33,82.24,0,95,5,5,2,91.25,Integrity,Displays kindness and empathy,NO,1,Requires regular monitoring for academic progress,Unknown,,,Unknown,,Not At Risk,4.99999999995,4.99999999995,0,1,1,0
ST-0733,2024-2025,Grade 6,A,2,97.28,76.54,74.05,87.24,78.63,71.28,93.81,87.35,83.27,0,99,1,2,1,97.75,Excellence,Demonstrates effort and perseverance,NO,2,Improving steadily in class participation,Unknown,,,Unknown,,Not At Risk,0.99999999999,1.99999999998,2,1,1,0
ST-0734,2025-2026,Grade 6,B,3,89.96,84.35,63.5,84.51,84.32,84.08,67.19,74.97,79.11,0,99,1,1,0,98.25,Compassion,Shows respect to teachers and peers,SO,3,Improving steadily in class participation,Unknown,,,Unknown,,Not At Risk,0.99999999999,0.99999999999,0,1,1,0
ST-0735,2025-2026,Grade 8,C,2,76.53,80.38,65.05,73.48,79.26,88.54,94.29,83.96,80.19,0,100,0,2,0,99.0,Compassion,Shows respect to teachers and peers,AO,2,Shows potential but needs more consistency,Unknown,,,Unknown,,Not At Risk,0.0,1.99999999998,1,1,1,0
ST-0736,2025-2026,Grade 5,D,3,75.55,77.7,82.4,93.28,73.86,72.05,78.58,69.05,77.81,1,99,1,0,1,98.75,Respect,Demonstrates effort and perseverance,AO,3,Requires regular monitoring for academic progress,Academic Monitoring,2025-03-15,Low attendance and poor engagement,Worsened,True,At Risk,0.99999999999,0.0,1,1,1,1
ST-0737,2025-2026,Grade 8,C,2,73.33,60.33,87.79,71.96,60.05,91.03,78.91,67.78,73.9,2,99,1,1,1,98.25,Excellence,Practices honesty,RO,2,Needs follow-up on attendance and punctuality,Mentoring,2025-02-15,Parent/guardian concern about performance,Ongoing,True,At Risk,0.99999999999,0.99999999999,1,1,1,1
ST-0738,2024-2025,Grade 7,A,2,80.96,60.89,81.44,83.06,73.7,77.67,69.92,79.5,75.89,0,99,1,3,0,97.25,Compassion,Completes assignments on time,SO,2,Improving steadily in class participation,Unknown,,,Unknown,,Not At Risk,0.99999999999,2.99999999997,0,1,1,0
ST-0739,2024-2025,Grade 5,B,4,77.86,77.63,88.09,75.07,87.66,88.81,81.22,80.81,82.14,0,97,3,0,0,96.25,Excellence,Displays kindness and empathy,AO,4,Needs follow-up on attendance and punctuality,Unknown,,,Unknown,,Not At Risk,2.99999999997,0.0,0,1,1,0
ST-0740,2024-2025,Grade 9,C,4,88.96,86.89,83.47,82.21,88.58,82.15,83.85,91.66,85.97,0,99,1,1,0,98.25,Responsibility,Demonstrates effort and perseverance,SO,4,Requires regular monitoring for academic progress,Unknown,,,Unknown,,Not At Risk,0.99999999999,0.99999999999,1,1,1,0
ST-0741,2025-2026,Grade 5,C,3,78.28,83.39,83.74,79.35,93.47,88.48,78.17,77.85,82.84,0,99,1,2,0,97.75,Compassion,Shows respect to teachers and peers,RO,3,Needs follow-up on attendance and punctuality,Unknown,,,Unknown,,Not At Risk,0.99999999999,1.99999999998,1,1,1,0
ST-0742,2025-2026,Grade 7,C,2,82.46,80.24,100.0,80.23,72.16,78.62,81.38,72.4,80.94,0,99,1,2,0,97.75,Compassion,Completes assignments on time,SO,2,Improving steadily in class participation,Unknown,,,Unknown,,Not At Risk,0.99999999999,1.99999999998,1,1,1,0
ST-0743,2024-2025,Grade 5,D,4,90.66,89.87,90.9,100.0,85.85,77.05,72.49,94.03,87.61,0,100,0,1,0,99.5,Excellence,Completes assignments on time,NO,4,Demonstrates positive effort in class,Unknown,,,Unknown,,At Risk,0.0,0.99999999999,4,1,1,1
ST-0744,2025-2026,Grade 7,C,4,81.39,81.28,86.02,90.03,66.32,90.22,77.17,69.02,80.18,0,96,4,2,2,94.0,Excellence,Completes assignments on time,NO,4,Shows potential but needs more consistency,Unknown,,,Unknown,,At Risk,3.99999999996,1.99999999998,2,1,1,1
ST-0745,2024-2025,Grade 6,B,3,70.36,73.73,60.28,70.97,63.14,78.77,61.28,81.77,70.04,2,99,1,2,0,97.75,Respect,Demonstrates effort and perseverance,RO,3,Requires regular monitoring for academic progress,Academic Monitoring,2025-03-15,Need for academic support and monitoring,Ongoing,,At Risk,0.99999999999,1.99999999998,0,1,1,1
ST-0746,2025-2026,Grade 6,C,1,84.15,96.88,77.08,88.58,97.36,84.95,82.91,82.64,86.82,0,100,0,1,0,99.5,Integrity,Completes assignments on time,SO,1,Improving steadily in class participation,Unknown,,,Unknown,,Not At Risk,0.0,0.99999999999,2,1,1,0
ST-0747,2024-2025,Grade 7,B,4,81.49,88.51,90.03,92.19,74.1,91.47,80.15,75.13,84.13,0,98,2,4,3,95.5,Excellence,Practices honesty,RO,4,Requires regular monitoring for academic progress,Unknown,,,Unknown,,At Risk,1.99999999998,3.99999999996,3,1,1,1
ST-0748,2024-2025,Grade 9,D,2,77.67,69.83,73.94,78.13,83.18,92.57,88.66,66.07,78.76,0,99,1,2,0,97.75,Compassion,Shows respect to teachers and peers,AO,2,Needs follow-up on attendance and punctuality,Unknown,,,Unknown,,Not At Risk,0.99999999999,1.99999999998,1,1,1,0
ST-0749,2024-2025,Grade 5,B,3,91.81,87.31,73.33,90.62,79.64,82.75,89.5,81.26,84.53,0,99,1,2,0,97.75,Integrity,Displays kindness and empathy,RO,3,Demonstrates positive effort in class,Unknown,,,Unknown,,Not At Risk,0.99999999999,1.99999999998,2,1,1,0
ST-0750,2025-2026,Grade 8,C,3,76.28,89.76,87.99,77.25,93.06,80.0,64.52,83.44,81.54,0,100,0,0,0,100.0,Compassion,Shows respect to teachers and peers,AO,3,Requires regular monitoring for academic progress,Unknown,,,Unknown,,Not At Risk,0.0,0.0,1,1,1,0
ST-0751,2024-2025,Grade 8,C,3,88.69,91.58,74.99,86.58,77.91,90.15,96.14,92.99,87.38,0,100,0,2,0,99.0,Excellence,Shows respect to teachers and peers,SO,3,Needs follow-up on attendance and punctuality,Unknown,,,Unknown,,Not At Risk,0.0,1.99999999998,4,1,1,0
ST-0752,2024-2025,Grade 7,A,3,76.37,85.66,76.66,79.53,82.71,82.85,78.28,69.26,78.91,1,99,1,1,0,98.25,Respect,Shows respect to teachers and peers,RO,3,Shows potential but needs more consistency,Unknown,,,Unknown,,At Risk,0.99999999999,0.99999999999,0,1,1,1
ST-0753,2024-2025,Grade 7,C,2,75.02,67.13,73.81,76.42,76.25,69.86,78.37,65.23,72.76,2,93,7,4,1,89.25,Responsibility,Shows respect to teachers and peers,NO,2,Requires regular monitoring for academic progress,Behavioral Monitoring,2025-02-15,Declining grades and low class participation,Improved,,At Risk,6.99999999993,3.99999999996,0,1,1,1
ST-0754,2025-2026,Grade 10,C,2,63.57,74.15,73.2,78.63,83.56,82.65,70.3,68.64,74.34,2,99,1,2,1,97.75,Respect,Shows respect to teachers and peers,NO,2,Needs follow-up on attendance and punctuality,Unknown,,,Unknown,,At Risk,0.99999999999,1.99999999998,0,1,1,1
ST-0755,2025-2026,Grade 9,A,1,67.7,77.5,60.68,54.8,72.41,73.52,66.14,91.44,70.52,2,95,5,0,3,93.75,Responsibility,Practices honesty,NO,1,Requires regular monitoring for academic progress,Tutoring,2025-01-15,Need for academic support and monitoring,Ongoing,True,At Risk,4.99999999995,0.0,1,1,1,1
ST-0756,2025-2026,Grade 6,B,4,74.48,61.95,78.88,70.64,73.61,58.38,69.18,91.67,72.35,2,99,1,0,0,98.75,Integrity,Completes assignments on time,AO,4,Requires regular monitoring for academic progress,Unknown,,,Unknown,,Not At Risk,0.99999999999,0.0,1,1,1,0
ST-0757,2024-2025,Grade 8,B,1,70.17,64.19,66.99,73.39,66.82,72.63,70.29,72.07,69.57,3,100,0,2,1,99.0,Integrity,Demonstrates effort and perseverance,RO,1,Demonstrates positive effort in class,Unknown,,,Unknown,,At Risk,0.0,1.99999999998,0,1,1,1
ST-0758,2024-2025,Grade 10,B,2,87.04,85.17,99.66,72.07,82.08,99.93,75.26,68.85,83.76,0,98,2,0,3,97.5,Integrity,Displays kindness and empathy,RO,2,Requires regular monitoring for academic progress,Unknown,,,Unknown,,At Risk,1.99999999998,0.0,2,1,1,1
ST-0759,2025-2026,Grade 10,D,4,93.67,71.27,96.3,71.65,76.98,78.88,75.35,73.06,79.65,1,100,0,1,0,99.5,Excellence,Completes assignments on time,AO,4,Improving steadily in class participation,Unknown,,,Unknown,,Not At Risk,0.0,0.99999999999,2,1,1,0
ST-0760,2024-2025,Grade 9,C,4,60.12,64.41,50.74,72.55,54.24,54.25,68.32,58.67,60.41,3,94,6,0,0,92.5,Compassion,Completes assignments on time,RO,4,Requires regular monitoring for academic progress,Behavioral Monitoring,2025-04-15,Behavior concerns affecting learning,Improved,False,Not At Risk,5.99999999994,0.0,0,1,1,0
ST-0761,2025-2026,Grade 10,A,3,60.77,58.44,64.48,74.69,55.11,62.33,63.96,60.54,62.54,3,100,0,0,0,100.0,Respect,Displays kindness and empathy,SO,3,Shows potential but needs more consistency,Attendance Monitoring,2025-03-15,Parent/guardian concern about performance,Improved,False,At Risk,0.0,0.0,0,1,1,1
ST-0762,2025-2026,Grade 9,C,1,70.12,82.52,67.01,63.33,55.87,89.79,66.66,68.09,70.42,2,100,0,2,0,99.0,Respect,Displays kindness and empathy,NO,1,Improving steadily in class participation,Unknown,,,Unknown,,At Risk,0.0,1.99999999998,0,1,1,1
ST-0763,2025-2026,Grade 5,A,1,86.38,84.95,90.79,77.8,81.49,74.1,90.76,79.21,83.19,0,99,1,1,0,98.25,Responsibility,Shows respect to teachers and peers,RO,1,Improving steadily in class participation,Unknown,,,Unknown,,Not At Risk,0.99999999999,0.99999999999,2,1,1,0
ST-0764,2025-2026,Grade 7,D,2,68.39,66.22,95.73,79.89,69.19,57.9,68.95,74.64,72.61,2,99,1,1,1,98.25,Excellence,Displays kindness and empathy,NO,2,Improving steadily in class participation,Unknown,,,Unknown,,At Risk,0.99999999999,0.99999999999,1,1,1,1
ST-0765,2024-2025,Grade 8,A,4,79.67,66.74,79.36,81.89,81.84,80.29,93.58,84.92,81.04,0,94,6,2,1,91.5,Integrity,Displays kindness and empathy,NO,4,Demonstrates positive effort in class,Unknown,,,Unknown,,At Risk,5.99999999994,1.99999999998,1,1,1,1
ST-0766,2024-2025,Grade 9,A,1,58.71,68.68,65.52,72.9,64.26,76.56,67.29,90.76,70.59,2,100,0,0,1,100.0,Compassion,Displays kindness and empathy,SO,1,Shows potential but needs more consistency,Unknown,,,Unknown,,At Risk,0.0,0.0,1,1,1,1
ST-0767,2024-2025,Grade 7,B,3,73.83,84.07,78.99,84.25,90.37,84.91,70.61,73.3,80.04,0,96,4,2,1,94.0,Integrity,Shows respect to teachers and peers,AO,3,Improving steadily in class participation,Unknown,,,Unknown,,Not At Risk,3.99999999996,1.99999999998,1,1,1,0
ST-0768,2025-2026,Grade 6,A,2,79.26,87.81,91.12,88.78,82.88,95.95,96.01,73.4,86.9,0,99,1,1,0,98.25,Responsibility,Displays kindness and empathy,AO,2,Needs follow-up on attendance and punctuality,Unknown,,,Unknown,,Not At Risk,0.99999999999,0.99999999999,3,1,1,0
ST-0769,2025-2026,Grade 10,C,2,69.79,71.42,86.01,72.25,76.82,71.95,74.07,62.02,73.04,1,100,0,1,0,99.5,Compassion,Shows respect to teachers and peers,NO,2,Requires regular monitoring for academic progress,Unknown,,,Unknown,,At Risk,0.0,0.99999999999,0,1,1,1
ST-0770,2024-2025,Grade 5,B,1,79.68,75.77,67.99,74.86,71.06,69.69,66.92,72.66,72.33,1,100,0,0,1,100.0,Integrity,Completes assignments on time,NO,1,Shows potential but needs more consistency,Unknown,,,Unknown,,At Risk,0.0,0.0,0,1,1,1
ST-0771,2024-2025,Grade 4,D,1,80.71,90.58,82.93,77.51,77.86,98.78,96.38,96.03,87.6,0,100,0,0,0,100.0,Integrity,Shows respect to teachers and peers,SO,1,Improving steadily in class participation,Unknown,,,Unknown,,Not At Risk,0.0,0.0,4,1,1,0
ST-0772,2024-2025,Grade 8,A,1,85.05,84.57,60.41,80.07,82.53,69.88,73.47,73.65,76.2,1,99,1,1,1,98.25,Integrity,Shows respect to teachers and peers,NO,1,Requires regular monitoring for academic progress,Unknown,,,Unknown,,At Risk,0.99999999999,0.99999999999,0,1,1,1
ST-0773,2024-2025,Grade 4,C,3,81.07,84.27,90.29,77.47,86.49,84.13,87.03,78.51,83.66,0,97,3,5,2,93.75,Compassion,Practices honesty,AO,3,Needs follow-up on attendance and punctuality,Unknown,,,Unknown,,Not At Risk,2.99999999997,4.99999999995,1,1,1,0
ST-0774,2024-2025,Grade 6,D,2,71.92,76.41,75.72,67.78,69.24,91.26,83.75,79.75,76.98,0,94,6,5,2,90.0,Excellence,Displays kindness and empathy,RO,2,Demonstrates positive effort in class,Unknown,,,Unknown,,At Risk,5.99999999994,4.99999999995,1,1,1,1
ST-0775,2024-2025,Grade 5,A,4,85.34,87.25,86.83,92.26,90.87,94.71,88.97,78.41,88.08,0,100,0,0,1,100.0,Compassion,Completes assignments on time,RO,4,Demonstrates positive effort in class,Unknown,,,Unknown,,Not At Risk,0.0,0.0,3,1,1,0
ST-0776,2025-2026,Grade 9,B,2,73.45,67.75,63.4,65.62,67.44,69.41,74.08,68.35,68.69,3,100,0,1,1,99.5,Integrity,Completes assignments on time,AO,2,Demonstrates positive effort in class,Guidance Referral,2025-02-15,Need for academic support and monitoring,No Change,True,At Risk,0.0,0.99999999999,0,1,1,1
ST-0777,2025-2026,Grade 10,C,2,94.54,83.93,79.84,82.78,65.51,71.92,81.12,73.47,79.14,0,99,1,1,3,98.25,Integrity,Shows respect to teachers and peers,RO,2,Requires regular monitoring for academic progress,Unknown,,,Unknown,,At Risk,0.99999999999,0.99999999999,1,1,1,1
ST-0778,2024-2025,Grade 4,D,2,77.27,90.14,89.77,78.58,89.84,75.03,73.4,80.87,81.86,0,99,1,2,0,97.75,Compassion,Practices honesty,RO,2,Shows potential but needs more consistency,Unknown,,,Unknown,,Not At Risk,0.99999999999,1.99999999998,1,1,1,0
ST-0779,2024-2025,Grade 6,A,4,88.56,82.98,80.05,75.38,76.65,100.0,91.28,87.62,85.31,0,99,1,2,1,97.75,Excellence,Displays kindness and empathy,SO,4,Needs follow-up on attendance and punctuality,Unknown,,,Unknown,,Not At Risk,0.99999999999,1.99999999998,2,1,1,0
ST-0780,2024-2025,Grade 5,D,2,89.06,87.57,87.32,87.97,94.71,89.37,89.29,85.3,88.82,0,99,1,2,1,97.75,Respect,Shows respect to teachers and peers,RO,2,Demonstrates positive effort in class,Unknown,,,Unknown,,Not At Risk,0.99999999999,1.99999999998,1,1,1,0
ST-0781,2024-2025,Grade 10,D,3,74.42,76.88,71.53,75.67,81.21,89.99,72.36,74.26,77.04,0,99,1,0,0,98.75,Integrity,Displays kindness and empathy,AO,3,Improving steadily in class participation,Unknown,,,Unknown,,Not At Risk,0.99999999999,0.0,0,1,1,0
ST-0782,2024-2025,Grade 8,D,2,69.68,81.38,69.44,89.39,66.31,70.96,80.77,72.27,75.02,1,100,0,2,1,99.0,Compassion,Displays kindness and empathy,NO,2,Needs follow-up on attendance and punctuality,Unknown,,,Unknown,,At Risk,0.0,1.99999999998,0,1,1,1
ST-0783,2025-2026,Grade 10,A,3,74.22,77.74,80.78,83.13,89.27,96.22,77.12,76.69,81.9,0,99,1,1,1,98.25,Integrity,Practices honesty,RO,3,Needs follow-up on attendance and punctuality,Unknown,,,Unknown,,Not At Risk,0.99999999999,0.99999999999,1,1,1,0
ST-0784,2024-2025,Grade 7,D,2,71.78,82.2,66.26,73.86,82.02,90.26,73.9,73.46,76.72,1,100,0,1,1,99.5,Respect,Displays kindness and empathy,AO,2,Requires regular monitoring for academic progress,Unknown,,,Unknown,,Not At Risk,0.0,0.99999999999,1,1,1,0
ST-0785,2024-2025,Grade 5,C,1,72.49,76.78,66.52,84.85,69.93,65.85,65.87,76.38,72.33,2,99,1,0,0,98.75,Responsibility,Shows respect to teachers and peers,NO,1,Demonstrates positive effort in class,Unknown,,,Unknown,,At Risk,0.99999999999,0.0,0,1,1,1
ST-0786,2025-2026,Grade 4,C,3,85.18,93.56,82.98,91.61,83.02,80.88,69.33,75.1,82.71,0,98,2,5,0,95.0,Responsibility,Shows respect to teachers and peers,RO,3,Improving steadily in class participation,Unknown,,,Unknown,,At Risk,1.99999999998,4.99999999995,2,1,1,1
ST-0787,2024-2025,Grade 6,C,1,74.96,82.53,91.72,85.14,98.87,87.22,92.49,90.33,87.91,0,99,1,0,0,98.75,Respect,Shows respect to teachers and peers,AO,1,Demonstrates positive effort in class,Unknown,,,Unknown,,Not At Risk,0.99999999999,0.0,4,1,1,0
ST-0788,2024-2025,Grade 8,D,4,68.78,81.4,94.04,80.65,80.09,100.0,84.91,69.98,82.48,0,100,0,1,0,99.5,Excellence,Completes assignments on time,AO,4,Demonstrates positive effort in class,Unknown,,,Unknown,,Not At Risk,0.0,0.99999999999,2,1,1,0
ST-0789,2024-2025,Grade 5,A,2,58.52,70.36,82.86,81.95,89.79,67.68,60.52,67.17,72.36,2,99,1,0,1,98.75,Excellence,Shows respect to teachers and peers,SO,2,Improving steadily in class participation,Guidance Referral,2025-02-15,Parent/guardian concern about performance,Not Yet Evaluated,False,At Risk,0.99999999999,0.0,0,1,1,1
ST-0790,2024-2025,Grade 4,A,1,71.48,60.05,79.2,75.69,74.22,78.34,69.17,81.74,73.74,2,100,0,0,0,100.0,Compassion,Completes assignments on time,AO,1,Requires regular monitoring for academic progress,Unknown,,,Unknown,,Not At Risk,0.0,0.0,0,1,1,0
ST-0791,2024-2025,Grade 8,A,3,83.07,89.36,77.26,74.59,67.83,81.44,65.4,83.9,77.86,0,94,6,5,3,90.0,Responsibility,Demonstrates effort and perseverance,AO,3,Requires regular monitoring for academic progress,Unknown,,,Unknown,,At Risk,5.99999999994,4.99999999995,0,1,1,1
ST-0792,2025-2026,Grade 9,B,2,69.15,80.8,96.29,67.72,92.68,75.58,83.56,76.84,80.33,0,100,0,0,1,100.0,Respect,Completes assignments on time,NO,2,Improving steadily in class participation,Unknown,,,Unknown,,Not At Risk,0.0,0.0,2,1,1,0
ST-0793,2024-2025,Grade 5,B,2,66.76,74.64,69.22,57.89,78.96,75.29,68.74,57.93,68.68,3,99,1,0,1,98.75,Respect,Practices honesty,RO,2,Needs follow-up on attendance and punctuality,Unknown,,,Unknown,,At Risk,0.99999999999,0.0,0,1,1,1
ST-0794,2024-2025,Grade 4,A,3,75.52,59.43,58.85,74.38,56.92,62.06,67.53,78.38,66.63,3,97,3,2,2,95.25,Integrity,Demonstrates effort and perseverance,AO,3,Demonstrates positive effort in class,Counseling,2025-03-15,Low attendance and poor engagement,Worsened,,At Risk,2.99999999997,1.99999999998,0,1,1,1
ST-0795,2024-2025,Grade 8,C,1,53.84,64.74,69.28,77.67,71.51,82.4,65.54,62.96,68.49,3,99,1,2,1,97.75,Integrity,Completes assignments on time,RO,1,Requires regular monitoring for academic progress,Unknown,,,Unknown,,At Risk,0.99999999999,1.99999999998,0,1,1,1
ST-0796,2025-2026,Grade 7,C,1,83.2,83.3,84.76,74.83,79.62,75.86,73.66,79.38,79.33,0,99,1,0,0,98.75,Excellence,Demonstrates effort and perseverance,NO,1,Needs follow-up on attendance and punctuality,Unknown,,,Unknown,,Not At Risk,0.99999999999,0.0,0,1,1,0
ST-0797,2024-2025,Grade 7,D,2,64.92,80.39,75.27,70.86,64.07,84.84,69.77,73.39,72.94,2,100,0,2,0,99.0,Respect,Displays kindness and empathy,RO,2,Improving steadily in class participation,Unknown,,,Unknown,,At Risk,0.0,1.99999999998,0,1,1,1
ST-0798,2024-2025,Grade 10,A,2,61.61,72.98,88.37,80.04,76.75,94.92,78.03,82.11,79.35,0,100,0,1,1,99.5,Respect,Displays kindness and empathy,RO,2,Demonstrates positive effort in class,Unknown,,,Unknown,,Not At Risk,0.0,0.99999999999,1,1,1,0
ST-0799,2025-2026,Grade 9,B,4,55.68,78.29,88.17,72.19,63.04,74.03,72.3,70.84,71.82,2,100,0,1,0,99.5,Excellence,Displays kindness and empathy,RO,4,Improving steadily in class participation,Unknown,,,Unknown,,Not At Risk,0.0,0.99999999999,0,1,1,0
ST-0800,2024-2025,Grade 6,D,3,82.8,70.2,76.9,68.05,69.4,73.9,74.81,54.69,71.34,2,99,1,1,1,98.25,Respect,Shows respect to teachers and peers,AO,3,Shows potential but needs more consistency,Unknown,,,Unknown,,Not At Risk,0.99999999999,0.99999999999,0,1,1,0
ST-0801,2024-2025,Grade 7,C,1,67.81,79.5,75.86,65.92,67.64,77.2,55.23,77.38,70.82,2,100,0,2,0,99.0,Responsibility,Shows respect to teachers and peers,NO,1,Needs follow-up on attendance and punctuality,Unknown,,,Unknown,,At Risk,0.0,1.99999999998,0,1,1,1
ST-0802,2025-2026,Grade 8,D,4,77.38,72.28,81.2,76.13,86.15,72.05,73.39,89.78,78.55,1,100,0,0,1,100.0,Compassion,Displays kindness and empathy,SO,4,Requires regular monitoring for academic progress,Unknown,,,Unknown,,Not At Risk,0.0,0.0,0,1,1,0
ST-0803,2024-2025,Grade 8,D,3,68.14,80.96,75.97,74.83,68.81,80.1,84.18,80.41,76.67,1,99,1,1,0,98.25,Responsibility,Shows respect to teachers and peers,SO,3,Shows potential but needs more consistency,Unknown,,,Unknown,,At Risk,0.99999999999,0.99999999999,0,1,1,1
ST-0804,2025-2026,Grade 5,B,4,76.39,75.07,77.46,78.64,83.65,79.65,84.71,90.31,80.73,0,99,1,0,1,98.75,Respect,Practices honesty,AO,4,Shows potential but needs more consistency,Unknown,,,Unknown,,Not At Risk,0.99999999999,0.0,1,1,1,0
ST-0805,2025-2026,Grade 7,C,1,72.89,72.8,73.33,75.24,72.58,81.66,81.3,86.74,77.07,0,98,2,4,1,95.5,Compassion,Shows respect to teachers and peers,NO,1,Demonstrates positive effort in class,Unknown,,,Unknown,,At Risk,1.99999999998,3.99999999996,0,1,1,1
ST-0806,2024-2025,Grade 6,C,4,72.04,85.39,71.63,76.46,81.44,82.63,91.37,85.0,80.75,0,99,1,0,1,98.75,Integrity,Shows respect to teachers and peers,NO,4,Requires regular monitoring for academic progress,Unknown,,,Unknown,,Not At Risk,0.99999999999,0.0,1,1,1,0
ST-0807,2025-2026,Grade 8,B,1,77.28,90.15,84.92,91.64,78.73,85.28,79.07,73.17,82.53,0,94,6,1,1,92.0,Excellence,Shows respect to teachers and peers,SO,1,Shows potential but needs more consistency,Unknown,,,Unknown,,At Risk,5.99999999994,0.99999999999,2,1,1,1
ST-0808,2024-2025,Grade 6,D,4,64.65,80.13,88.01,74.36,63.67,90.85,85.9,78.54,78.26,1,99,1,0,1,98.75,Integrity,Displays kindness and empathy,SO,4,Needs follow-up on attendance and punctuality,Unknown,,,Unknown,,Not At Risk,0.99999999999,0.0,1,1,1,0
ST-0809,2024-2025,Grade 8,A,1,63.48,68.28,74.55,91.59,71.76,69.56,71.86,63.92,71.88,2,100,0,1,1,99.5,Compassion,Demonstrates effort and perseverance,AO,1,Requires regular monitoring for academic progress,Unknown,,,Unknown,,Not At Risk,0.0,0.99999999999,1,1,1,0
ST-0810,2025-2026,Grade 8,D,3,90.02,68.18,77.03,94.58,77.68,92.39,97.4,79.37,84.58,0,99,1,0,0,98.75,Excellence,Demonstrates effort and perseverance,AO,3,Shows potential but needs more consistency,Unknown,,,Unknown,,Not At Risk,0.99999999999,0.0,4,1,1,0
ST-0811,2024-2025,Grade 6,B,4,84.54,75.38,90.39,82.35,83.57,89.71,85.18,100.0,86.39,0,100,0,2,0,99.0,Respect,Shows respect to teachers and peers,NO,4,Improving steadily in class participation,Unknown,,,Unknown,,Not At Risk,0.0,1.99999999998,2,1,1,0
ST-0812,2024-2025,Grade 9,A,2,67.03,78.07,71.32,76.33,96.41,81.15,99.91,91.07,82.66,0,100,0,0,1,100.0,Excellence,Completes assignments on time,SO,2,Shows potential but needs more consistency,Unknown,,,Unknown,,Not At Risk,0.0,0.0,3,1,1,0
ST-0813,2025-2026,Grade 7,A,3,77.67,85.74,86.43,76.56,75.18,76.07,84.66,73.86,79.52,0,100,0,2,1,99.0,Compassion,Completes assignments on time,AO,3,Improving steadily in class participation,Unknown,,,Unknown,,Not At Risk,0.0,1.99999999998,0,1,1,0
ST-0814,2025-2026,Grade 4,A,1,85.1,79.97,74.88,79.46,93.96,96.5,81.51,88.65,85.0,0,100,0,1,1,99.5,Respect,Demonstrates effort and perseverance,SO,1,Shows potential but needs more consistency,Unknown,,,Unknown,,Not At Risk,0.0,0.99999999999,2,1,1,0
ST-0815,2024-2025,Grade 6,C,1,85.32,88.13,78.16,95.8,87.46,77.38,81.12,91.39,85.59,0,99,1,0,1,98.75,Excellence,Completes assignments on time,SO,1,Improving steadily in class participation,Unknown,,,Unknown,,Not At Risk,0.99999999999,0.0,2,1,1,0
ST-0816,2025-2026,Grade 5,A,1,99.69,82.95,78.08,88.75,93.71,84.09,87.27,97.4,88.99,0,99,1,2,0,97.75,Compassion,Shows respect to teachers and peers,AO,1,Shows potential but needs more consistency,Unknown,,,Unknown,,Not At Risk,0.99999999999,1.99999999998,3,1,1,0
ST-0817,2025-2026,Grade 6,B,4,93.77,70.24,80.01,86.4,89.92,87.33,64.54,70.64,80.36,0,99,1,1,0,98.25,Respect,Practices honesty,AO,4,Needs follow-up on attendance and punctuality,Unknown,,,Unknown,,Not At Risk,0.99999999999,0.99999999999,1,1,1,0
ST-0818,2025-2026,Grade 4,D,1,64.01,64.25,53.69,65.34,75.57,65.6,67.97,90.56,68.37,3,93,7,0,2,91.25,Integrity,Practices honesty,RO,1,Improving steadily in class participation,Counseling,2025-01-15,Need for academic support and monitoring,Ongoing,True,At Risk,6.99999999993,0.0,1,1,1,1
ST-0819,2025-2026,Grade 5,A,3,74.15,83.3,73.08,77.73,94.68,81.84,84.84,84.7,81.79,0,100,0,0,1,100.0,Respect,Demonstrates effort and perseverance,RO,3,Improving steadily in class participation,Unknown,,,Unknown,,Not At Risk,0.0,0.0,1,1,1,0
ST-0820,2024-2025,Grade 8,C,4,73.2,95.9,84.22,98.55,76.99,96.2,70.18,88.24,85.44,0,100,0,0,0,100.0,Excellence,Demonstrates effort and perseverance,SO,4,Shows potential but needs more consistency,Unknown,,,Unknown,,Not At Risk,0.0,0.0,3,1,1,0
ST-0821,2024-2025,Grade 10,D,3,80.74,88.13,75.88,78.86,69.0,80.7,68.35,84.22,78.23,0,99,1,0,0,98.75,Integrity,Shows respect to teachers and peers,SO,3,Needs follow-up on attendance and punctuality,Unknown,,,Unknown,,Not At Risk,0.99999999999,0.0,0,1,1,0
ST-0822,2024-2025,Grade 5,A,1,89.0,67.79,87.08,81.55,85.31,86.61,83.59,87.65,83.57,0,99,1,1,2,98.25,Respect,Demonstrates effort and perseverance,AO,1,Shows potential but needs more consistency,Unknown,,,Unknown,,Not At Risk,0.99999999999,0.99999999999,0,1,1,0
ST-0823,2025-2026,Grade 7,D,2,66.56,58.74,71.3,83.45,77.18,80.73,77.67,58.5,71.77,2,99,1,0,0,98.75,Excellence,Practices honesty,RO,2,Shows potential but needs more consistency,Tutoring,2025-02-15,Low attendance and poor engagement,Ongoing,False,At Risk,0.99999999999,0.0,0,1,1,1
ST-0824,2025-2026,Grade 5,D,3,85.92,88.1,78.26,85.67,89.38,91.71,85.42,100.0,88.06,0,99,1,0,0,98.75,Respect,Shows respect to teachers and peers,AO,3,Improving steadily in class participation,Unknown,,,Unknown,,Not At Risk,0.99999999999,0.0,2,1,1,0
ST-0825,2025-2026,Grade 7,D,1,69.82,87.73,89.26,97.1,81.8,83.5,70.73,73.27,81.65,0,98,2,5,1,95.0,Responsibility,Practices honesty,AO,1,Requires regular monitoring for academic progress,Unknown,,,Unknown,,Not At Risk,1.99999999998,4.99999999995,1,1,1,0
ST-0826,2024-2025,Grade 4,C,4,94.56,97.31,80.86,82.03,84.0,78.19,78.99,84.06,85.0,0,99,1,1,0,98.25,Integrity,Demonstrates effort and perseverance,AO,4,Shows potential but needs more consistency,Unknown,,,Unknown,,Not At Risk,0.99999999999,0.99999999999,2,1,1,0
ST-0827,2025-2026,Grade 4,D,4,68.25,64.29,67.11,73.0,60.28,72.13,50.0,63.83,64.86,3,99,1,5,1,96.25,Compassion,Completes assignments on time,RO,4,Improving steadily in class participation,Guidance Referral,2025-04-15,Declining grades and low class participation,Ongoing,False,At Risk,0.99999999999,4.99999999995,0,1,1,1
ST-0828,2025-2026,Grade 5,A,4,73.36,69.49,71.66,55.54,72.71,64.7,70.66,88.52,70.83,2,99,1,1,0,98.25,Responsibility,Practices honesty,RO,4,Needs follow-up on attendance and punctuality,Unknown,,,Unknown,,At Risk,0.99999999999,0.99999999999,0,1,1,1
ST-0829,2025-2026,Grade 4,B,2,78.08,77.37,83.13,78.62,93.41,75.6,74.6,87.43,81.03,0,99,1,0,0,98.75,Excellence,Demonstrates effort and perseverance,RO,2,Shows potential but needs more consistency,Unknown,,,Unknown,,Not At Risk,0.99999999999,0.0,1,1,1,0
ST-0830,2024-2025,Grade 10,D,4,85.87,65.46,80.66,91.69,85.77,65.59,74.66,81.08,78.85,0,100,0,1,0,99.5,Compassion,Practices honesty,AO,4,Needs follow-up on attendance and punctuality,Unknown,,,Unknown,,Not At Risk,0.0,0.99999999999,1,1,1,0
ST-0831,2024-2025,Grade 8,B,4,70.88,75.89,72.18,73.17,85.85,84.71,91.64,83.78,79.76,0,99,1,1,1,98.25,Integrity,Demonstrates effort and perseverance,NO,4,Improving steadily in class participation,Unknown,,,Unknown,,Not At Risk,0.99999999999,0.99999999999,1,1,1,0
ST-0832,2024-2025,Grade 10,C,2,79.48,68.26,78.7,78.48,64.36,71.24,68.84,73.64,72.88,2,99,1,0,1,98.75,Responsibility,Shows respect to teachers and peers,AO,2,Needs follow-up on attendance and punctuality,Unknown,,,Unknown,,Not At Risk,0.99999999999,0.0,0,1,1,0
ST-0833,2025-2026,Grade 4,B,2,68.14,50.0,59.36,73.24,69.44,70.72,58.08,68.63,64.7,3,96,4,0,1,95.0,Responsibility,Completes assignments on time,RO,2,Improving steadily in class participation,Academic Monitoring,2025-02-15,Declining grades and low class participation,Not Yet Evaluated,True,At Risk,3.99999999996,0.0,0,1,1,1
ST-0834,2025-2026,Grade 5,D,4,71.94,81.83,77.55,100.0,100.0,80.7,93.74,78.31,85.51,0,100,0,0,0,100.0,Excellence,Demonstrates effort and perseverance,AO,4,Needs follow-up on attendance and punctuality,Unknown,,,Unknown,,Not At Risk,0.0,0.0,3,1,1,0
ST-0835,2024-2025,Grade 5,D,1,67.14,91.37,81.66,85.01,94.4,92.48,79.5,76.03,83.45,0,100,0,0,1,100.0,Respect,Completes assignments on time,RO,1,Needs follow-up on attendance and punctuality,Unknown,,,Unknown,,Not At Risk,0.0,0.0,3,1,1,0
ST-0836,2024-2025,Grade 4,C,2,74.01,100.0,78.1,79.56,72.29,78.2,90.41,77.21,81.22,0,98,2,0,0,97.5,Respect,Completes assignments on time,AO,2,Requires regular monitoring for academic progress,Unknown,,,Unknown,,Not At Risk,1.99999999998,0.0,2,1,1,0
ST-0837,2024-2025,Grade 9,B,2,82.75,60.32,90.95,95.07,87.54,90.11,79.95,81.78,83.56,0,100,0,0,0,100.0,Responsibility,Practices honesty,AO,2,Needs follow-up on attendance and punctuality,Unknown,,,Unknown,,Not At Risk,0.0,0.0,3,1,1,0
ST-0838,2024-2025,Grade 5,C,4,83.21,71.16,69.09,83.35,67.04,58.16,66.33,64.72,70.38,2,99,1,1,0,98.25,Responsibility,Completes assignments on time,RO,4,Shows potential but needs more consistency,Guidance Referral,2025-04-15,Declining grades and low class participation,Improved,True,At Risk,0.99999999999,0.99999999999,0,1,1,1
ST-0839,2025-2026,Grade 7,D,1,86.67,82.26,77.75,70.83,82.11,68.9,86.49,73.39,78.55,1,99,1,0,0,98.75,Compassion,Completes assignments on time,NO,1,Needs follow-up on attendance and punctuality,Mentoring,2025-01-15,Declining grades and low class participation,Worsened,,At Risk,0.99999999999,0.0,0,1,1,1
ST-0840,2025-2026,Grade 7,A,3,77.59,85.94,77.77,77.64,87.02,83.7,90.0,86.89,83.32,0,100,0,2,1,99.0,Compassion,Practices honesty,NO,3,Improving steadily in class participation,Unknown,,,Unknown,,Not At Risk,0.0,1.99999999998,1,1,1,0
ST-0841,2025-2026,Grade 5,C,4,75.5,81.1,71.11,64.52,75.33,74.6,78.86,78.53,74.94,2,100,0,1,1,99.5,Integrity,Completes assignments on time,NO,4,Improving steadily in class participation,Unknown,,,Unknown,,At Risk,0.0,0.99999999999,0,1,1,1
ST-0842,2025-2026,Grade 4,D,4,83.13,96.3,70.15,88.01,79.8,77.54,82.14,79.99,82.13,0,100,0,2,0,99.0,Integrity,Displays kindness and empathy,SO,4,Improving steadily in class participation,Unknown,,,Unknown,,Not At Risk,0.0,1.99999999998,1,1,1,0
ST-0843,2024-2025,Grade 5,C,3,73.04,91.57,81.68,88.68,87.92,88.68,89.15,77.56,84.78,0,100,0,2,0,99.0,Responsibility,Shows respect to teachers and peers,AO,3,Demonstrates positive effort in class,Unknown,,,Unknown,,Not At Risk,0.0,1.99999999998,1,1,1,0
ST-0844,2025-2026,Grade 10,C,1,79.43,86.26,67.78,75.3,88.72,78.22,79.13,83.02,79.73,0,95,5,4,2,91.75,Respect,Demonstrates effort and perseverance,NO,1,Requires regular monitoring for academic progress,Unknown,,,Unknown,,At Risk,4.99999999995,3.99999999996,0,1,1,1
ST-0845,2025-2026,Grade 8,D,1,97.89,84.98,93.23,60.48,85.27,88.81,89.98,79.02,84.96,0,99,1,0,1,98.75,Respect,Practices honesty,AO,1,Shows potential but needs more consistency,Unknown,,,Unknown,,Not At Risk,0.99999999999,0.0,2,1,1,0
ST-0846,2025-2026,Grade 8,D,1,70.73,73.98,78.32,76.08,79.53,75.35,67.48,68.99,73.81,1,95,5,3,3,92.25,Respect,Shows respect to teachers and peers,AO,1,Improving steadily in class participation,Unknown,,,Unknown,,At Risk,4.99999999995,2.99999999997,0,1,1,1
ST-0847,2025-2026,Grade 7,A,2,59.82,74.31,59.7,79.29,80.91,80.11,59.73,84.35,72.28,2,99,1,2,1,97.75,Respect,Demonstrates effort and perseverance,RO,2,Needs follow-up on attendance and punctuality,Unknown,,,Unknown,,At Risk,0.99999999999,1.99999999998,0,1,1,1
ST-0848,2024-2025,Grade 8,C,4,86.55,83.44,85.34,91.76,84.93,94.2,84.53,82.15,86.61,0,99,1,1,1,98.25,Respect,Practices honesty,RO,4,Improving steadily in class participation,Unknown,,,Unknown,,Not At Risk,0.99999999999,0.99999999999,2,1,1,0
ST-0849,2025-2026,Grade 8,A,2,79.97,78.48,65.56,67.89,91.74,97.38,76.59,67.95,78.2,0,99,1,2,0,97.75,Responsibility,Practices honesty,RO,2,Needs follow-up on attendance and punctuality,Unknown,,,Unknown,,Not At Risk,0.99999999999,1.99999999998,2,1,1,0
ST-0850,2024-2025,Grade 4,D,4,81.27,83.64,80.37,72.64,84.31,74.84,86.08,82.51,80.71,0,98,2,1,3,97.0,Responsibility,Practices honesty,AO,4,Improving steadily in class participation,Unknown,,,Unknown,,Not At Risk,1.99999999998,0.99999999999,0,1,1,0
ST-0851,2024-2025,Grade 10,A,4,76.67,74.34,75.7,88.56,74.04,87.89,76.37,87.36,80.12,0,99,1,0,1,98.75,Compassion,Completes assignments on time,AO,4,Shows potential but needs more consistency,Unknown,,,Unknown,,Not At Risk,0.99999999999,0.0,0,1,1,0
ST-0852,2025-2026,Grade 4,A,4,100.0,85.71,86.54,92.95,100.0,83.91,78.89,74.82,87.85,0,99,1,0,1,98.75,Excellence,Demonstrates effort and perseverance,SO,4,Improving steadily in class participation,Unknown,,,Unknown,,Not At Risk,0.99999999999,0.0,3,1,1,0
ST-0853,2024-2025,Grade 6,C,1,72.21,53.89,65.01,73.12,72.26,74.98,77.55,72.09,70.14,2,97,3,4,2,94.25,Excellence,Displays kindness and empathy,RO,1,Improving steadily in class participation,Attendance Monitoring,2025-01-15,Need for academic support and monitoring,Ongoing,False,At Risk,2.99999999997,3.99999999996,0,1,1,1
ST-0854,2025-2026,Grade 8,A,1,60.95,56.49,50.0,60.9,64.86,50.0,69.41,68.0,60.08,3,96,4,1,3,94.5,Compassion,Shows respect to teachers and peers,NO,1,Improving steadily in class participation,Counseling,2025-01-15,Parent/guardian concern about performance,Improved,,At Risk,3.99999999996,0.99999999999,0,1,1,1
ST-0855,2024-2025,Grade 8,C,4,69.01,96.46,94.45,86.87,79.44,81.75,84.85,82.25,84.39,0,100,0,0,1,100.0,Compassion,Practices honesty,RO,4,Demonstrates positive effort in class,Unknown,,,Unknown,,Not At Risk,0.0,0.0,2,1,1,0
ST-0856,2025-2026,Grade 5,A,3,79.11,79.63,72.96,86.04,63.02,73.19,77.44,86.48,77.23,1,99,1,0,1,98.75,Compassion,Demonstrates effort and perseverance,NO,3,Needs follow-up on attendance and punctuality,Academic Monitoring,2025-03-15,Frequent absences and missing assignments,Worsened,False,At Risk,0.99999999999,0.0,0,1,1,1
ST-0857,2025-2026,Grade 9,B,4,59.84,74.3,84.88,66.58,72.14,78.43,69.3,71.19,72.08,2,100,0,0,0,100.0,Responsibility,Completes assignments on time,RO,4,Demonstrates positive effort in class,Unknown,,,Unknown,,At Risk,0.0,0.0,0,1,1,1
ST-0858,2024-2025,Grade 10,B,3,67.52,63.88,82.65,83.21,62.41,76.18,70.13,71.92,72.24,2,99,1,2,1,97.75,Integrity,Demonstrates effort and perseverance,RO,3,Improving steadily in class participation,Unknown,,,Unknown,,At Risk,0.99999999999,1.99999999998,0,1,1,1
ST-0859,2024-2025,Grade 4,C,3,94.14,86.75,91.95,73.63,74.93,88.19,86.02,65.76,82.67,0,100,0,2,0,99.0,Compassion,Practices honesty,AO,3,Demonstrates positive effort in class,Unknown,,,Unknown,,At Risk,0.0,1.99999999998,2,1,1,1
ST-0860,2024-2025,Grade 9,D,4,77.55,82.45,80.47,79.68,86.08,73.96,86.04,85.84,81.51,0,100,0,1,1,99.5,Respect,Completes assignments on time,AO,4,Improving steadily in class participation,Unknown,,,Unknown,,Not At Risk,0.0,0.99999999999,0,1,1,0
ST-0861,2024-2025,Grade 7,A,1,77.1,75.65,66.5,70.41,87.06,87.48,85.86,79.19,78.66,0,99,1,1,0,98.25,Excellence,Completes assignments on time,RO,1,Shows potential but needs more consistency,Unknown,,,Unknown,,Not At Risk,0.99999999999,0.99999999999,0,1,1,0
ST-0862,2025-2026,Grade 5,A,4,85.05,94.96,78.46,53.48,93.43,79.03,100.0,82.14,83.32,0,93,7,1,1,90.75,Integrity,Demonstrates effort and perseverance,RO,4,Shows potential but needs more consistency,Unknown,,,Unknown,,Not At Risk,6.99999999993,0.99999999999,3,1,1,0
ST-0863,2024-2025,Grade 7,D,1,64.72,83.16,87.59,70.94,84.8,77.41,81.94,83.95,79.31,0,99,1,0,1,98.75,Respect,Practices honesty,SO,1,Improving steadily in class participation,Unknown,,,Unknown,,Not At Risk,0.99999999999,0.0,0,1,1,0
ST-0864,2025-2026,Grade 10,D,4,66.46,74.25,79.39,72.52,94.72,86.77,72.88,72.58,77.45,0,99,1,0,1,98.75,Responsibility,Practices honesty,SO,4,Improving steadily in class participation,Unknown,,,Unknown,,Not At Risk,0.99999999999,0.0,1,1,1,0
ST-0865,2025-2026,Grade 5,A,2,100.0,87.88,73.45,78.48,87.55,88.78,76.24,85.93,84.79,0,97,3,1,3,95.75,Responsibility,Demonstrates effort and perseverance,RO,2,Demonstrates positive effort in class,Unknown,,,Unknown,,At Risk,2.99999999997,0.99999999999,1,1,1,1
ST-0866,2025-2026,Grade 8,C,1,81.69,71.4,71.23,79.56,65.3,88.76,85.69,88.42,79.01,0,95,5,5,2,91.25,Respect,Completes assignments on time,NO,1,Improving steadily in class participation,Unknown,,,Unknown,,At Risk,4.99999999995,4.99999999995,0,1,1,1
ST-0867,2024-2025,Grade 6,C,2,93.59,79.74,87.16,89.64,91.11,84.89,96.31,100.0,90.31,0,100,0,0,0,100.0,Compassion,Displays kindness and empathy,AO,2,Shows potential but needs more consistency,Unknown,,,Unknown,,Not At Risk,0.0,0.0,4,1,1,0
ST-0868,2024-2025,Grade 8,B,3,82.68,68.58,82.32,63.78,73.96,91.86,69.14,68.08,75.05,1,100,0,2,0,99.0,Excellence,Practices honesty,SO,3,Improving steadily in class participation,Unknown,,,Unknown,,At Risk,0.0,1.99999999998,1,1,1,1
ST-0869,2024-2025,Grade 10,A,3,81.01,85.33,87.19,80.15,80.7,87.21,75.39,77.63,81.83,0,100,0,1,0,99.5,Responsibility,Shows respect to teachers and peers,RO,3,Shows potential but needs more consistency,Unknown,,,Unknown,,Not At Risk,0.0,0.99999999999,0,1,1,0
ST-0870,2024-2025,Grade 5,D,4,84.48,90.56,67.63,83.32,83.63,68.66,61.9,69.48,76.21,1,100,0,2,0,99.0,Respect,Completes assignments on time,AO,4,Shows potential but needs more consistency,Unknown,,,Unknown,,Not At Risk,0.0,1.99999999998,1,1,1,0
ST-0871,2025-2026,Grade 6,B,4,83.36,87.68,69.2,69.37,62.37,87.68,77.88,76.95,76.81,1,99,1,0,1,98.75,Excellence,Completes assignments on time,SO,4,Requires regular monitoring for academic progress,Unknown,,,Unknown,,Not At Risk,0.99999999999,0.0,0,1,1,0
ST-0872,2025-2026,Grade 6,B,3,73.39,70.76,73.77,84.16,79.87,78.58,68.71,82.42,76.46,1,99,1,5,1,96.25,Compassion,Completes assignments on time,NO,3,Improving steadily in class participation,Counseling,2025-03-15,Behavior concerns affecting learning,Worsened,False,At Risk,0.99999999999,4.99999999995,0,1,1,1
ST-0873,2024-2025,Grade 8,B,3,78.77,82.25,90.77,100.0,97.03,85.14,82.69,84.05,87.59,0,100,0,1,1,99.5,Responsibility,Demonstrates effort and perseverance,NO,3,Requires regular monitoring for academic progress,Unknown,,,Unknown,,Not At Risk,0.0,0.99999999999,3,1,1,0
ST-0874,2025-2026,Grade 6,A,3,75.25,80.57,79.62,83.75,71.14,82.22,85.81,75.57,79.24,0,99,1,0,1,98.75,Integrity,Practices honesty,AO,3,Improving steadily in class participation,Unknown,,,Unknown,,Not At Risk,0.99999999999,0.0,0,1,1,0
ST-0875,2025-2026,Grade 10,B,1,72.94,69.54,69.21,95.32,88.69,73.82,79.76,88.82,79.76,0,99,1,1,1,98.25,Respect,Shows respect to teachers and peers,AO,1,Requires regular monitoring for academic progress,Unknown,,,Unknown,,Not At Risk,0.99999999999,0.99999999999,1,1,1,0
ST-0876,2024-2025,Grade 6,D,2,79.6,83.53,86.09,69.04,83.18,83.73,100.0,81.06,83.28,0,100,0,0,0,100.0,Respect,Demonstrates effort and perseverance,SO,2,Demonstrates positive effort in class,Unknown,,,Unknown,,Not At Risk,0.0,0.0,1,1,1,0
ST-0877,2025-2026,Grade 5,D,1,62.61,84.49,78.89,70.27,72.84,75.81,79.46,62.42,73.35,2,100,0,0,0,100.0,Responsibility,Completes assignments on time,RO,1,Needs follow-up on attendance and punctuality,Unknown,,,Unknown,,Not At Risk,0.0,0.0,0,1,1,0
ST-0878,2024-2025,Grade 8,B,2,73.45,56.89,65.11,67.86,58.11,66.46,64.76,61.45,64.26,3,100,0,0,1,100.0,Responsibility,Demonstrates effort and perseverance,SO,2,Needs follow-up on attendance and punctuality,Academic Monitoring,2025-02-15,Need for academic support and monitoring,Worsened,False,At Risk,0.0,0.0,0,1,1,1
ST-0879,2024-2025,Grade 4,C,2,76.25,83.01,81.43,85.11,97.66,80.5,83.67,77.73,83.17,0,95,5,4,1,91.75,Compassion,Completes assignments on time,RO,2,Improving steadily in class participation,Unknown,,,Unknown,,At Risk,4.99999999995,3.99999999996,1,1,1,1
ST-0880,2024-2025,Grade 7,C,3,84.15,87.94,66.33,86.69,74.29,83.17,69.29,92.41,80.53,0,100,0,2,0,99.0,Excellence,Shows respect to teachers and peers,AO,3,Needs follow-up on attendance and punctuality,Unknown,,,Unknown,,Not At Risk,0.0,1.99999999998,1,1,1,0
ST-0881,2025-2026,Grade 10,A,4,54.18,91.36,85.8,73.48,77.43,79.07,81.44,86.64,78.67,0,99,1,0,0,98.75,Respect,Practices honesty,AO,4,Improving steadily in class participation,Unknown,,,Unknown,,Not At Risk,0.99999999999,0.0,1,1,1,0
ST-0882,2024-2025,Grade 6,C,4,79.8,89.16,60.02,73.69,93.55,100.0,88.09,78.19,82.81,0,100,0,2,0,99.0,Responsibility,Completes assignments on time,SO,4,Requires regular monitoring for academic progress,Unknown,,,Unknown,,At Risk,0.0,1.99999999998,2,1,1,1
ST-0883,2025-2026,Grade 9,C,1,70.89,78.81,85.55,73.11,83.59,78.43,75.64,83.54,78.7,0,100,0,1,0,99.5,Responsibility,Practices honesty,RO,1,Requires regular monitoring for academic progress,Unknown,,,Unknown,,Not At Risk,0.0,0.99999999999,0,1,1,0
ST-0884,2024-2025,Grade 6,D,1,83.96,78.55,65.76,91.01,78.94,85.59,79.26,87.94,81.38,0,100,0,1,0,99.5,Integrity,Displays kindness and empathy,SO,1,Demonstrates positive effort in class,Unknown,,,Unknown,,Not At Risk,0.0,0.99999999999,1,1,1,0
ST-0885,2025-2026,Grade 5,D,2,86.04,77.7,81.42,97.28,70.68,84.7,86.77,75.39,82.5,0,99,1,0,0,98.75,Respect,Shows respect to teachers and peers,SO,2,Requires regular monitoring for academic progress,Unknown,,,Unknown,,Not At Risk,0.99999999999,0.0,1,1,1,0
ST-0886,2025-2026,Grade 6,A,4,83.04,90.89,70.92,94.2,100.0,90.06,87.84,91.78,88.59,0,100,0,1,1,99.5,Integrity,Completes assignments on time,AO,4,Shows potential but needs more consistency,Unknown,,,Unknown,,Not At Risk,0.0,0.99999999999,5,1,1,0
ST-0887,2025-2026,Grade 7,A,2,53.56,52.13,52.38,54.19,52.0,67.65,59.64,65.89,57.18,3,94,6,4,3,90.5,Responsibility,Demonstrates effort and perseverance,AO,2,Requires regular monitoring for academic progress,Behavioral Monitoring,2025-02-15,Frequent absences and missing assignments,Not Yet Evaluated,,At Risk,5.99999999994,3.99999999996,0,1,1,1
ST-0888,2025-2026,Grade 7,A,3,88.83,73.74,79.05,81.61,89.81,90.45,83.78,99.51,85.85,0,100,0,2,0,99.0,Integrity,Shows respect to teachers and peers,RO,3,Demonstrates positive effort in class,Unknown,,,Unknown,,Not At Risk,0.0,1.99999999998,2,1,1,0
ST-0889,2025-2026,Grade 5,B,1,72.41,65.75,61.34,83.83,76.2,79.36,90.23,68.01,74.64,1,100,0,2,1,99.0,Excellence,Completes assignments on time,NO,1,Demonstrates positive effort in class,Unknown,,,Unknown,,At Risk,0.0,1.99999999998,1,1,1,1
ST-0890,2025-2026,Grade 10,B,2,88.88,81.52,86.32,71.89,86.33,91.88,85.98,86.35,84.89,0,99,1,1,1,98.25,Responsibility,Displays kindness and empathy,AO,2,Needs follow-up on attendance and punctuality,Unknown,,,Unknown,,Not At Risk,0.99999999999,0.99999999999,1,1,1,0
ST-0891,2024-2025,Grade 4,C,3,92.22,86.51,89.74,95.52,88.94,78.7,93.19,85.88,88.84,0,99,1,0,1,98.75,Compassion,Completes assignments on time,AO,3,Shows potential but needs more consistency,Unknown,,,Unknown,,Not At Risk,0.99999999999,0.0,3,1,1,0
ST-0892,2024-2025,Grade 10,A,4,85.54,75.3,80.8,73.38,75.69,80.07,83.97,68.93,77.96,0,93,7,4,3,89.25,Compassion,Demonstrates effort and perseverance,AO,4,Improving steadily in class participation,Unknown,,,Unknown,,At Risk,6.99999999993,3.99999999996,0,1,1,1
ST-0893,2024-2025,Grade 6,A,2,79.5,81.26,82.18,82.55,88.01,81.58,75.85,83.76,81.84,0,99,1,2,1,97.75,Responsibility,Demonstrates effort and perseverance,AO,2,Improving steadily in class participation,Unknown,,,Unknown,,Not At Risk,0.99999999999,1.99999999998,0,1,1,0
ST-0894,2025-2026,Grade 8,B,3,93.6,79.32,87.48,84.04,72.78,83.99,79.53,92.55,84.16,0,99,1,1,0,98.25,Integrity,Demonstrates effort and perseverance,AO,3,Shows potential but needs more consistency,Unknown,,,Unknown,,Not At Risk,0.99999999999,0.99999999999,2,1,1,0
ST-0895,2025-2026,Grade 10,A,2,62.22,75.06,78.02,82.31,90.69,83.98,87.97,94.72,81.87,0,100,0,2,0,99.0,Excellence,Practices honesty,SO,2,Improving steadily in class participation,Unknown,,,Unknown,,Not At Risk,0.0,1.99999999998,2,1,1,0
ST-0896,2025-2026,Grade 6,D,1,67.53,68.97,69.04,61.67,56.63,60.49,71.38,64.1,64.98,3,98,2,2,0,96.5,Respect,Completes assignments on time,NO,1,Requires regular monitoring for academic progress,Attendance Monitoring,2025-01-15,Parent/guardian concern about performance,Worsened,,At Risk,1.99999999998,1.99999999998,0,1,1,1
ST-0897,2025-2026,Grade 9,D,1,81.06,58.36,69.47,79.59,74.79,87.03,73.64,86.32,76.28,1,99,1,2,1,97.75,Respect,Completes assignments on time,RO,1,Demonstrates positive effort in class,Unknown,,,Unknown,,At Risk,0.99999999999,1.99999999998,0,1,1,1
ST-0898,2025-2026,Grade 10,B,1,70.84,81.3,78.91,93.95,55.96,98.33,88.62,80.38,81.04,0,100,0,1,0,99.5,Integrity,Displays kindness and empathy,SO,1,Requires regular monitoring for academic progress,Unknown,,,Unknown,,Not At Risk,0.0,0.99999999999,2,1,1,0
ST-0899,2024-2025,Grade 5,C,3,97.7,73.92,86.7,87.43,84.85,97.39,83.35,88.94,87.53,0,100,0,1,0,99.5,Excellence,Demonstrates effort and perseverance,AO,3,Demonstrates positive effort in class,Unknown,,,Unknown,,At Risk,0.0,0.99999999999,2,1,1,1
ST-0900,2024-2025,Grade 5,C,4,72.54,76.41,73.87,78.63,88.63,73.91,87.09,92.83,80.49,0,99,1,1,1,98.25,Integrity,Practices honesty,SO,4,Requires regular monitoring for academic progress,Unknown,,,Unknown,,Not At Risk,0.99999999999,0.99999999999,1,1,1,0
ST-0901,2024-2025,Grade 6,D,1,96.0,78.25,94.34,74.29,87.47,87.28,79.65,82.65,84.99,0,94,6,0,3,92.5,Respect,Displays kindness and empathy,SO,1,Needs follow-up on attendance and punctuality,Unknown,,,Unknown,,Not At Risk,5.99999999994,0.0,2,1,1,0
ST-0902,2024-2025,Grade 9,D,4,77.36,61.9,66.11,61.6,83.61,66.48,71.24,73.0,70.16,2,100,0,0,1,100.0,Excellence,Practices honesty,RO,4,Improving steadily in class participation,Unknown,,,Unknown,,At Risk,0.0,0.0,0,1,1,1
ST-0903,2024-2025,Grade 8,D,3,82.37,77.46,84.86,75.47,90.52,78.16,85.63,81.4,81.98,0,100,0,0,1,100.0,Excellence,Shows respect to teachers and peers,RO,3,Requires regular monitoring for academic progress,Unknown,,,Unknown,,Not At Risk,0.0,0.0,1,1,1,0
ST-0904,2025-2026,Grade 8,D,2,85.52,65.42,85.08,83.22,90.97,83.91,68.92,80.32,80.42,0,100,0,1,0,99.5,Integrity,Practices honesty,RO,2,Shows potential but needs more consistency,Unknown,,,Unknown,,Not At Risk,0.0,0.99999999999,1,1,1,0
ST-0905,2025-2026,Grade 8,C,4,72.79,55.99,77.26,71.98,80.15,69.27,76.69,75.3,72.43,2,100,0,0,0,100.0,Integrity,Shows respect to teachers and peers,RO,4,Shows potential but needs more consistency,Unknown,,,Unknown,,At Risk,0.0,0.0,0,1,1,1
ST-0906,2024-2025,Grade 7,D,4,53.69,72.71,66.33,61.44,78.09,70.89,74.56,55.31,66.63,3,95,5,4,2,91.75,Responsibility,Displays kindness and empathy,RO,4,Needs follow-up on attendance and punctuality,Parent/Guardian Conference,2025-04-15,Frequent absences and missing assignments,Worsened,True,At Risk,4.99999999995,3.99999999996,0,1,1,1
ST-0907,2025-2026,Grade 10,D,3,57.38,84.01,73.22,79.46,80.74,100.0,93.57,69.91,79.79,0,95,5,2,1,92.75,Integrity,Shows respect to teachers and peers,RO,3,Requires regular monitoring for academic progress,Unknown,,,Unknown,,At Risk,4.99999999995,1.99999999998,2,1,1,1
ST-0908,2025-2026,Grade 4,D,2,79.88,89.28,83.43,81.37,85.56,73.35,83.0,82.41,82.28,0,97,3,4,2,94.25,Integrity,Displays kindness and empathy,NO,2,Needs follow-up on attendance and punctuality,Unknown,,,Unknown,,At Risk,2.99999999997,3.99999999996,0,1,1,1
ST-0909,2025-2026,Grade 9,C,2,75.52,75.44,73.44,86.66,87.28,68.26,76.32,69.71,76.58,0,97,3,3,3,94.75,Excellence,Completes assignments on time,NO,2,Improving steadily in class participation,Unknown,,,Unknown,,At Risk,2.99999999997,2.99999999997,0,1,1,1
ST-0910,2024-2025,Grade 10,A,2,75.05,70.58,65.97,87.44,65.1,73.65,74.4,98.1,76.29,0,99,1,1,1,98.25,Responsibility,Demonstrates effort and perseverance,AO,2,Needs follow-up on attendance and punctuality,Unknown,,,Unknown,,Not At Risk,0.99999999999,0.99999999999,1,1,1,0
ST-0911,2024-2025,Grade 7,C,4,78.54,75.83,84.7,82.09,86.84,80.7,87.38,72.96,81.13,0,96,4,0,3,95.0,Excellence,Demonstrates effort and perseverance,SO,4,Demonstrates positive effort in class,Unknown,,,Unknown,,Not At Risk,3.99999999996,0.0,0,1,1,0
ST-0912,2024-2025,Grade 8,B,1,75.02,76.59,80.92,71.39,88.21,80.21,85.61,87.26,80.65,0,99,1,2,1,97.75,Excellence,Displays kindness and empathy,AO,1,Requires regular monitoring for academic progress,Unknown,,,Unknown,,Not At Risk,0.99999999999,1.99999999998,0,1,1,0
ST-0913,2025-2026,Grade 8,A,3,66.56,76.57,60.9,76.45,77.34,73.7,70.34,83.34,73.15,2,100,0,0,0,100.0,Responsibility,Completes assignments on time,SO,3,Shows potential but needs more consistency,Attendance Monitoring,2025-03-15,Behavior concerns affecting learning,Worsened,True,At Risk,0.0,0.0,0,1,1,1
ST-0914,2025-2026,Grade 10,A,3,77.05,83.88,83.89,71.34,71.37,84.13,82.82,74.49,78.62,0,97,3,4,1,94.25,Respect,Completes assignments on time,AO,3,Demonstrates positive effort in class,Unknown,,,Unknown,,Not At Risk,2.99999999997,3.99999999996,0,1,1,0
ST-0915,2024-2025,Grade 9,C,1,72.14,78.92,65.13,75.63,74.33,65.08,80.72,73.84,73.22,2,100,0,0,0,100.0,Respect,Practices honesty,RO,1,Needs follow-up on attendance and punctuality,Unknown,,,Unknown,,At Risk,0.0,0.0,0,1,1,1
ST-0916,2024-2025,Grade 8,A,1,85.28,83.0,82.34,72.1,85.98,87.88,79.34,79.22,81.89,0,99,1,2,0,97.75,Excellence,Displays kindness and empathy,AO,1,Improving steadily in class participation,Unknown,,,Unknown,,Not At Risk,0.99999999999,1.99999999998,0,1,1,0
ST-0917,2024-2025,Grade 8,B,4,81.93,70.04,93.47,67.46,87.7,73.4,78.3,83.8,79.51,1,99,1,2,0,97.75,Excellence,Displays kindness and empathy,SO,4,Needs follow-up on attendance and punctuality,Unknown,,,Unknown,,Not At Risk,0.99999999999,1.99999999998,1,1,1,0
ST-0918,2025-2026,Grade 5,A,1,72.66,89.23,75.39,81.11,85.57,77.78,72.98,100.0,81.84,0,100,0,0,1,100.0,Excellence,Practices honesty,SO,1,Shows potential but needs more consistency,Unknown,,,Unknown,,Not At Risk,0.0,0.0,1,1,1,0
ST-0919,2025-2026,Grade 9,D,4,70.91,62.1,59.98,72.25,63.42,84.5,74.44,75.4,70.38,2,99,1,0,0,98.75,Excellence,Displays kindness and empathy,RO,4,Shows potential but needs more consistency,Unknown,,,Unknown,,Not At Risk,0.99999999999,0.0,0,1,1,0
ST-0920,2024-2025,Grade 6,B,1,68.35,60.02,75.55,70.08,59.67,64.44,71.24,73.25,67.83,3,98,2,3,1,96.0,Compassion,Completes assignments on time,NO,1,Shows potential but needs more consistency,Academic Monitoring,2025-01-15,Low attendance and poor engagement,Worsened,False,At Risk,1.99999999998,2.99999999997,0,1,1,1
ST-0921,2025-2026,Grade 9,D,1,79.26,67.77,91.38,76.81,72.92,80.82,82.73,75.04,78.34,0,99,1,1,0,98.25,Responsibility,Completes assignments on time,AO,1,Needs follow-up on attendance and punctuality,Unknown,,,Unknown,,Not At Risk,0.99999999999,0.99999999999,1,1,1,0
ST-0922,2025-2026,Grade 6,D,4,84.6,88.44,82.53,74.13,70.26,86.36,78.97,81.99,80.91,0,99,1,3,2,97.25,Integrity,Practices honesty,AO,4,Improving steadily in class participation,Unknown,,,Unknown,,Not At Risk,0.99999999999,2.99999999997,0,1,1,0
ST-0923,2024-2025,Grade 5,B,4,64.39,73.7,74.03,79.96,74.28,75.92,76.15,77.69,74.52,2,99,1,2,0,97.75,Compassion,Completes assignments on time,NO,4,Demonstrates positive effort in class,Unknown,,,Unknown,,At Risk,0.99999999999,1.99999999998,0,1,1,1
ST-0924,2025-2026,Grade 5,B,2,90.15,86.91,89.32,95.04,85.09,100.0,97.16,90.22,91.74,0,100,0,2,1,99.0,Compassion,Practices honesty,AO,2,Shows potential but needs more consistency,Unknown,,,Unknown,,Not At Risk,0.0,1.99999999998,5,1,1,0
ST-0925,2024-2025,Grade 8,A,4,76.6,74.95,65.02,90.53,70.91,83.15,76.5,69.06,75.84,0,100,0,2,0,99.0,Compassion,Completes assignments on time,AO,4,Improving steadily in class participation,Unknown,,,Unknown,,Not At Risk,0.0,1.99999999998,1,1,1,0
ST-0926,2024-2025,Grade 5,D,2,88.24,100.0,73.95,92.11,84.65,84.51,72.24,96.75,86.56,0,99,1,0,1,98.75,Respect,Completes assignments on time,AO,2,Demonstrates positive effort in class,Unknown,,,Unknown,,Not At Risk,0.99999999999,0.0,3,1,1,0
ST-0927,2024-2025,Grade 6,C,2,82.04,80.86,70.48,85.48,82.56,80.13,83.3,83.69,81.07,0,99,1,1,1,98.25,Integrity,Practices honesty,SO,2,Improving steadily in class participation,Unknown,,,Unknown,,Not At Risk,0.99999999999,0.99999999999,0,1,1,0
ST-0928,2025-2026,Grade 8,A,4,52.54,74.71,66.25,65.58,91.56,71.48,83.15,57.97,70.41,1,94,6,1,1,92.0,Excellence,Completes assignments on time,SO,4,Shows potential but needs more consistency,Unknown,,,Unknown,,At Risk,5.99999999994,0.99999999999,1,1,1,1
ST-0929,2024-2025,Grade 8,D,3,76.8,71.68,70.18,74.18,77.15,87.47,88.83,72.39,77.34,0,99,1,0,1,98.75,Responsibility,Completes assignments on time,RO,3,Improving steadily in class participation,Unknown,,,Unknown,,At Risk,0.99999999999,0.0,0,1,1,1
ST-0930,2024-2025,Grade 8,C,4,53.21,62.82,55.69,50.69,62.19,72.35,72.3,63.5,61.59,3,99,1,4,0,96.75,Compassion,Completes assignments on time,RO,4,Improving steadily in class participation,Counseling,2025-04-15,Frequent absences and missing assignments,Ongoing,False,At Risk,0.99999999999,3.99999999996,0,1,1,1
ST-0931,2025-2026,Grade 7,D,4,80.52,74.75,65.81,74.6,68.91,77.99,62.87,72.04,72.19,2,100,0,1,0,99.5,Compassion,Demonstrates effort and perseverance,AO,4,Needs follow-up on attendance and punctuality,Unknown,,,Unknown,,Not At Risk,0.0,0.99999999999,0,1,1,0
ST-0932,2025-2026,Grade 6,D,3,76.7,88.97,83.32,99.22,72.73,97.33,66.43,80.3,83.12,0,99,1,2,0,97.75,Respect,Demonstrates effort and perseverance,AO,3,Shows potential but needs more consistency,Unknown,,,Unknown,,Not At Risk,0.99999999999,1.99999999998,2,1,1,0
ST-0933,2024-2025,Grade 7,A,4,75.06,87.36,59.58,78.91,73.78,91.07,73.23,78.87,77.23,0,97,3,4,3,94.25,Responsibility,Displays kindness and empathy,SO,4,Demonstrates positive effort in class,Unknown,,,Unknown,,At Risk,2.99999999997,3.99999999996,1,1,1,1
ST-0934,2025-2026,Grade 6,A,1,62.95,77.13,80.07,81.41,67.04,79.88,69.64,78.38,74.56,2,100,0,2,1,99.0,Excellence,Demonstrates effort and perseverance,SO,1,Demonstrates positive effort in class,Unknown,,,Unknown,,At Risk,0.0,1.99999999998,0,1,1,1
ST-0935,2025-2026,Grade 4,B,2,68.85,74.91,71.42,83.86,78.27,77.42,83.12,76.72,76.82,1,100,0,2,0,99.0,Responsibility,Demonstrates effort and perseverance,NO,2,Demonstrates positive effort in class,Unknown,,,Unknown,,At Risk,0.0,1.99999999998,0,1,1,1
ST-0936,2024-2025,Grade 5,A,3,88.31,100.0,86.08,79.13,91.05,89.17,77.67,80.79,86.52,0,100,0,0,1,100.0,Excellence,Practices honesty,SO,3,Improving steadily in class participation,Unknown,,,Unknown,,Not At Risk,0.0,0.0,2,1,1,0
ST-0937,2025-2026,Grade 6,B,3,68.4,91.37,66.97,76.44,76.24,62.51,52.53,76.23,71.34,2,99,1,0,0,98.75,Excellence,Displays kindness and empathy,RO,3,Shows potential but needs more consistency,Unknown,,,Unknown,,At Risk,0.99999999999,0.0,1,1,1,1
ST-0938,2025-2026,Grade 8,A,2,77.56,91.24,80.4,77.79,80.2,84.49,90.73,74.6,82.13,0,99,1,0,0,98.75,Compassion,Completes assignments on time,NO,2,Shows potential but needs more consistency,Unknown,,,Unknown,,At Risk,0.99999999999,0.0,2,1,1,1
ST-0939,2024-2025,Grade 4,D,4,69.08,72.5,90.19,90.0,76.91,85.79,85.1,100.0,83.7,0,99,1,0,0,98.75,Excellence,Displays kindness and empathy,SO,4,Requires regular monitoring for academic progress,Unknown,,,Unknown,,Not At Risk,0.99999999999,0.0,3,1,1,0
ST-0940,2025-2026,Grade 9,C,1,85.74,76.57,77.28,70.86,66.09,75.58,80.11,73.89,75.76,0,97,3,2,3,95.25,Integrity,Completes assignments on time,SO,1,Shows potential but needs more consistency,Unknown,,,Unknown,,At Risk,2.99999999997,1.99999999998,0,1,1,1
ST-0941,2025-2026,Grade 7,B,2,66.85,99.55,66.36,80.37,84.11,75.54,78.31,83.77,79.36,0,100,0,1,0,99.5,Excellence,Demonstrates effort and perseverance,AO,2,Requires regular monitoring for academic progress,Unknown,,,Unknown,,Not At Risk,0.0,0.99999999999,1,1,1,0
ST-0942,2024-2025,Grade 7,B,2,63.24,75.84,52.99,62.5,77.33,70.4,70.25,64.11,67.08,3,100,0,2,1,99.0,Excellence,Practices honesty,SO,2,Shows potential but needs more consistency,Unknown,,,Unknown,,At Risk,0.0,1.99999999998,0,1,1,1
ST-0943,2025-2026,Grade 10,D,4,70.23,80.35,79.7,86.66,93.52,77.18,68.08,74.54,78.78,0,100,0,1,0,99.5,Respect,Displays kindness and empathy,RO,4,Demonstrates positive effort in class,Unknown,,,Unknown,,Not At Risk,0.0,0.99999999999,1,1,1,0
ST-0944,2024-2025,Grade 8,C,3,76.2,88.37,73.97,80.57,75.07,81.8,85.48,85.45,80.86,0,100,0,0,0,100.0,Integrity,Shows respect to teachers and peers,AO,3,Improving steadily in class participation,Unknown,,,Unknown,,Not At Risk,0.0,0.0,0,1,1,0
ST-0945,2024-2025,Grade 9,A,3,95.38,91.98,74.99,73.54,71.68,70.33,83.77,78.24,79.99,0,99,1,2,0,97.75,Excellence,Shows respect to teachers and peers,RO,3,Shows potential but needs more consistency,Unknown,,,Unknown,,At Risk,0.99999999999,1.99999999998,2,1,1,1
ST-0946,2024-2025,Grade 7,B,2,74.02,75.66,77.11,91.93,71.25,67.27,75.28,70.57,75.39,0,96,4,0,2,95.0,Integrity,Demonstrates effort and perseverance,AO,2,Requires regular monitoring for academic progress,Unknown,,,Unknown,,At Risk,3.99999999996,0.0,1,1,1,1
ST-0947,2025-2026,Grade 10,B,2,77.88,81.94,84.96,91.27,82.87,76.22,76.83,85.4,82.17,0,100,0,2,0,99.0,Respect,Demonstrates effort and perseverance,RO,2,Demonstrates positive effort in class,Unknown,,,Unknown,,At Risk,0.0,1.99999999998,1,1,1,1
ST-0948,2024-2025,Grade 8,C,3,74.19,74.31,87.57,79.2,83.53,70.14,70.16,60.21,74.91,2,99,1,2,1,97.75,Excellence,Practices honesty,NO,3,Shows potential but needs more consistency,Unknown,,,Unknown,,At Risk,0.99999999999,1.99999999998,0,1,1,1
ST-0949,2025-2026,Grade 9,D,1,88.23,73.24,65.18,77.68,88.46,91.39,78.5,94.93,82.2,0,100,0,1,0,99.5,Compassion,Shows respect to teachers and peers,AO,1,Improving steadily in class participation,Unknown,,,Unknown,,Not At Risk,0.0,0.99999999999,2,1,1,0
ST-0950,2025-2026,Grade 9,D,3,75.46,83.62,66.55,78.93,83.71,74.32,87.51,76.53,78.33,0,95,5,0,3,93.75,Responsibility,Shows respect to teachers and peers,RO,3,Requires regular monitoring for academic progress,Unknown,,,Unknown,,At Risk,4.99999999995,0.0,0,1,1,1
ST-0951,2025-2026,Grade 8,B,1,71.29,67.34,81.35,86.91,74.97,81.87,57.85,92.12,76.71,1,100,0,1,1,99.5,Integrity,Practices honesty,SO,1,Shows potential but needs more consistency,Unknown,,,Unknown,,At Risk,0.0,0.99999999999,1,1,1,1
ST-0952,2025-2026,Grade 5,C,3,74.63,93.5,78.62,94.84,81.24,91.62,96.77,91.36,87.82,0,100,0,2,1,99.0,Respect,Completes assignments on time,AO,3,Improving steadily in class participation,Unknown,,,Unknown,,Not At Risk,0.0,1.99999999998,5,1,1,0
ST-0953,2024-2025,Grade 8,A,4,84.82,79.71,80.83,64.86,75.95,74.19,91.17,72.36,77.99,0,98,2,3,2,96.0,Responsibility,Demonstrates effort and perseverance,NO,4,Improving steadily in class participation,Unknown,,,Unknown,,At Risk,1.99999999998,2.99999999997,1,1,1,1
ST-0954,2025-2026,Grade 6,B,2,87.21,72.3,64.39,69.91,63.89,85.97,89.17,86.71,77.44,0,97,3,2,0,95.25,Integrity,Practices honesty,RO,2,Shows potential but needs more consistency,Unknown,,,Unknown,,At Risk,2.99999999997,1.99999999998,0,1,1,1
ST-0955,2024-2025,Grade 5,C,4,88.29,83.17,87.44,82.1,75.85,66.39,85.75,96.39,83.17,0,100,0,2,0,99.0,Responsibility,Practices honesty,AO,4,Demonstrates positive effort in class,Unknown,,,Unknown,,Not At Risk,0.0,1.99999999998,1,1,1,0
ST-0956,2025-2026,Grade 8,A,1,75.98,95.43,86.26,86.48,77.61,79.21,84.65,74.87,82.56,0,100,0,2,1,99.0,Integrity,Shows respect to teachers and peers,SO,1,Shows potential but needs more consistency,Unknown,,,Unknown,,Not At Risk,0.0,1.99999999998,1,1,1,0
ST-0957,2025-2026,Grade 5,D,2,77.67,68.02,88.15,72.72,71.22,91.34,75.34,72.96,77.18,0,96,4,5,1,92.5,Respect,Completes assignments on time,AO,2,Requires regular monitoring for academic progress,Unknown,,,Unknown,,At Risk,3.99999999996,4.99999999995,1,1,1,1
ST-0958,2025-2026,Grade 4,B,3,91.36,73.04,84.13,92.04,78.67,71.6,83.45,88.4,82.84,0,99,1,1,1,98.25,Responsibility,Shows respect to teachers and peers,AO,3,Needs follow-up on attendance and punctuality,Unknown,,,Unknown,,Not At Risk,0.99999999999,0.99999999999,2,1,1,0
ST-0959,2025-2026,Grade 6,D,1,86.92,92.33,94.3,93.64,76.99,81.35,72.42,88.91,85.86,0,100,0,0,1,100.0,Compassion,Completes assignments on time,AO,1,Demonstrates positive effort in class,Unknown,,,Unknown,,Not At Risk,0.0,0.0,3,1,1,0
ST-0960,2025-2026,Grade 9,D,4,74.68,68.15,50.0,59.11,68.22,67.54,68.28,65.83,65.23,3,99,1,1,1,98.25,Respect,Shows respect to teachers and peers,RO,4,Requires regular monitoring for academic progress,Tutoring,2025-04-15,Declining grades and low class participation,Worsened,True,At Risk,0.99999999999,0.99999999999,0,1,1,1
ST-0961,2025-2026,Grade 9,C,4,91.34,84.94,80.69,81.06,91.04,71.27,79.68,76.81,82.1,0,99,1,0,1,98.75,Respect,Practices honesty,AO,4,Shows potential but needs more consistency,Unknown,,,Unknown,,Not At Risk,0.99999999999,0.0,2,1,1,0
ST-0962,2024-2025,Grade 5,B,1,67.11,63.67,66.17,59.41,74.27,69.5,71.35,74.49,68.25,3,100,0,0,0,100.0,Respect,Displays kindness and empathy,RO,1,Needs follow-up on attendance and punctuality,Unknown,,,Unknown,,Not At Risk,0.0,0.0,0,1,1,0
ST-0963,2024-2025,Grade 4,A,4,90.72,91.93,80.05,82.9,73.88,96.52,78.04,78.55,84.07,0,98,2,2,0,96.5,Excellence,Shows respect to teachers and peers,AO,4,Shows potential but needs more consistency,Unknown,,,Unknown,,Not At Risk,1.99999999998,1.99999999998,3,1,1,0
ST-0964,2024-2025,Grade 10,B,3,72.75,72.32,58.2,76.41,82.47,83.26,80.5,89.62,76.94,0,97,3,5,2,93.75,Responsibility,Demonstrates effort and perseverance,SO,3,Demonstrates positive effort in class,Unknown,,,Unknown,,At Risk,2.99999999997,4.99999999995,0,1,1,1
ST-0965,2025-2026,Grade 10,C,4,70.24,79.35,76.07,64.01,70.23,74.18,70.32,80.62,73.13,1,95,5,3,3,92.25,Excellence,Displays kindness and empathy,SO,4,Improving steadily in class participation,Unknown,,,Unknown,,At Risk,4.99999999995,2.99999999997,0,1,1,1
ST-0966,2025-2026,Grade 10,B,3,83.96,88.27,88.46,79.58,73.62,95.97,81.51,95.31,85.84,0,100,0,0,1,100.0,Excellence,Practices honesty,RO,3,Demonstrates positive effort in class,Unknown,,,Unknown,,Not At Risk,0.0,0.0,2,1,1,0
ST-0967,2025-2026,Grade 4,C,4,91.71,75.14,93.86,99.32,88.65,67.27,94.1,82.11,86.52,0,99,1,2,0,97.75,Integrity,Completes assignments on time,SO,4,Requires regular monitoring for academic progress,Unknown,,,Unknown,,Not At Risk,0.99999999999,1.99999999998,4,1,1,0
ST-0968,2025-2026,Grade 9,B,2,54.88,66.7,63.94,73.54,76.36,73.22,76.18,57.53,67.79,3,100,0,0,1,100.0,Responsibility,Displays kindness and empathy,NO,2,Demonstrates positive effort in class,Unknown,,,Unknown,,At Risk,0.0,0.0,0,1,1,1
ST-0969,2025-2026,Grade 8,D,2,72.02,77.63,67.81,81.65,69.36,71.64,81.82,65.78,73.46,1,99,1,0,3,98.75,Respect,Practices honesty,RO,2,Requires regular monitoring for academic progress,Unknown,,,Unknown,,At Risk,0.99999999999,0.0,0,1,1,1
ST-0970,2024-2025,Grade 9,D,1,61.59,67.89,67.18,66.7,75.32,73.93,60.7,71.87,68.15,3,96,4,4,2,93.0,Respect,Displays kindness and empathy,SO,1,Demonstrates positive effort in class,Attendance Monitoring,2025-01-15,Parent/guardian concern about performance,Ongoing,True,At Risk,3.99999999996,3.99999999996,0,1,1,1
ST-0971,2024-2025,Grade 8,C,4,88.99,91.47,85.35,79.32,86.98,78.89,85.02,78.38,84.3,0,99,1,1,0,98.25,Excellence,Displays kindness and empathy,SO,4,Shows potential but needs more consistency,Unknown,,,Unknown,,Not At Risk,0.99999999999,0.99999999999,1,1,1,0
ST-0972,2024-2025,Grade 7,C,1,72.05,82.14,66.7,80.75,66.39,82.57,65.23,87.12,75.37,0,98,2,1,2,97.0,Respect,Completes assignments on time,AO,1,Needs follow-up on attendance and punctuality,Unknown,,,Unknown,,Not At Risk,1.99999999998,0.99999999999,0,1,1,0
ST-0973,2024-2025,Grade 4,D,2,84.74,81.91,85.94,91.81,84.05,95.51,79.36,72.72,84.51,0,99,1,0,1,98.75,Respect,Demonstrates effort and perseverance,SO,2,Requires regular monitoring for academic progress,Unknown,,,Unknown,,Not At Risk,0.99999999999,0.0,2,1,1,0
ST-0974,2025-2026,Grade 4,A,1,89.94,87.92,81.4,84.47,91.81,86.93,80.96,76.98,85.05,0,99,1,2,0,97.75,Responsibility,Shows respect to teachers and peers,AO,1,Improving steadily in class participation,Unknown,,,Unknown,,Not At Risk,0.99999999999,1.99999999998,1,1,1,0
ST-0975,2025-2026,Grade 10,D,1,83.38,68.72,76.24,81.11,89.6,73.8,77.31,93.92,80.51,0,99,1,0,0,98.75,Respect,Practices honesty,AO,1,Shows potential but needs more consistency,Unknown,,,Unknown,,At Risk,0.99999999999,0.0,1,1,1,1
ST-0976,2025-2026,Grade 8,A,4,75.41,80.72,79.16,75.27,77.6,76.57,74.93,79.27,77.37,0,100,0,2,1,99.0,Respect,Completes assignments on time,SO,4,Needs follow-up on attendance and punctuality,Unknown,,,Unknown,,Not At Risk,0.0,1.99999999998,0,1,1,0
ST-0977,2025-2026,Grade 9,A,2,83.49,83.05,87.65,88.81,85.3,77.07,89.02,88.77,85.39,0,99,1,2,1,97.75,Excellence,Displays kindness and empathy,NO,2,Demonstrates positive effort in class,Unknown,,,Unknown,,Not At Risk,0.99999999999,1.99999999998,0,1,1,0
ST-0978,2025-2026,Grade 6,D,2,90.29,78.16,79.68,80.54,86.97,83.74,78.8,80.32,82.31,0,98,2,0,1,97.5,Responsibility,Shows respect to teachers and peers,NO,2,Needs follow-up on attendance and punctuality,Unknown,,,Unknown,,Not At Risk,1.99999999998,0.0,1,1,1,0
ST-0979,2024-2025,Grade 6,A,4,78.25,90.47,84.85,92.85,88.81,92.63,87.45,76.43,86.47,0,100,0,0,0,100.0,Respect,Practices honesty,AO,4,Requires regular monitoring for academic progress,Unknown,,,Unknown,,Not At Risk,0.0,0.0,3,1,1,0
ST-0980,2025-2026,Grade 8,C,4,87.87,81.44,90.17,86.25,73.82,78.42,83.96,75.35,82.16,0,100,0,1,0,99.5,Compassion,Completes assignments on time,AO,4,Improving steadily in class participation,Unknown,,,Unknown,,Not At Risk,0.0,0.99999999999,1,1,1,0
ST-0981,2025-2026,Grade 9,A,4,67.09,76.54,78.14,65.77,70.32,70.4,81.12,63.52,71.61,2,100,0,2,0,99.0,Integrity,Completes assignments on time,NO,4,Needs follow-up on attendance and punctuality,Unknown,,,Unknown,,At Risk,0.0,1.99999999998,0,1,1,1
ST-0982,2024-2025,Grade 10,D,1,65.33,80.98,63.75,54.37,76.46,72.97,79.84,79.05,71.59,1,96,4,1,2,94.5,Responsibility,Completes assignments on time,AO,1,Improving steadily in class participation,Unknown,,,Unknown,,At Risk,3.99999999996,0.99999999999,0,1,1,1
ST-0983,2024-2025,Grade 8,B,2,81.04,100.0,63.6,66.11,73.06,70.77,69.74,59.99,73.04,2,96,4,4,0,93.0,Respect,Displays kindness and empathy,NO,2,Improving steadily in class participation,Tutoring,2025-02-15,Low attendance and poor engagement,Improved,False,At Risk,3.99999999996,3.99999999996,1,1,1,1
ST-0984,2025-2026,Grade 10,D,2,84.59,67.77,63.9,78.27,73.94,65.23,50.0,68.99,69.09,3,99,1,1,0,98.25,Respect,Shows respect to teachers and peers,AO,2,Needs follow-up on attendance and punctuality,Unknown,,,Unknown,,Not At Risk,0.99999999999,0.99999999999,0,1,1,0
ST-0985,2024-2025,Grade 8,C,3,50.0,63.28,69.88,62.07,56.47,67.3,53.77,68.73,61.44,3,95,5,3,0,92.25,Integrity,Demonstrates effort and perseverance,NO,3,Shows potential but needs more consistency,Parent/Guardian Conference,2025-03-15,Declining grades and low class participation,Worsened,False,At Risk,4.99999999995,2.99999999997,0,1,1,1
ST-0986,2024-2025,Grade 7,A,2,50.96,75.37,81.09,60.91,60.59,76.38,67.84,76.18,68.67,3,100,0,1,0,99.5,Respect,Demonstrates effort and perseverance,SO,2,Needs follow-up on attendance and punctuality,Unknown,,,Unknown,,At Risk,0.0,0.99999999999,0,1,1,1
ST-0987,2024-2025,Grade 8,A,4,79.7,76.19,89.25,92.48,81.97,84.13,87.3,84.83,84.48,0,100,0,1,0,99.5,Respect,Shows respect to teachers and peers,SO,4,Demonstrates positive effort in class,Unknown,,,Unknown,,Not At Risk,0.0,0.99999999999,1,1,1,0
ST-0988,2025-2026,Grade 5,D,4,68.78,72.23,73.74,75.54,72.01,83.91,66.57,80.81,74.2,2,95,5,5,1,91.25,Responsibility,Completes assignments on time,RO,4,Improving steadily in class participation,Behavioral Monitoring,2025-04-15,Frequent absences and missing assignments,No Change,True,At Risk,4.99999999995,4.99999999995,0,1,1,1
ST-0989,2025-2026,Grade 5,B,3,80.52,86.37,90.51,90.09,85.65,100.0,81.24,81.6,87.0,0,100,0,1,1,99.5,Integrity,Demonstrates effort and perseverance,SO,3,Demonstrates positive effort in class,Unknown,,,Unknown,,At Risk,0.0,0.99999999999,3,1,1,1
ST-0990,2024-2025,Grade 5,C,2,75.3,72.84,76.25,91.65,70.55,97.77,88.02,76.98,81.17,0,96,4,4,2,93.0,Responsibility,Demonstrates effort and perseverance,SO,2,Demonstrates positive effort in class,Unknown,,,Unknown,,At Risk,3.99999999996,3.99999999996,2,1,1,1
ST-0991,2025-2026,Grade 5,A,4,73.98,72.17,81.23,78.74,78.38,72.91,84.5,82.67,78.07,1,99,1,2,0,97.75,Respect,Practices honesty,SO,4,Improving steadily in class participation,Unknown,,,Unknown,,Not At Risk,0.99999999999,1.99999999998,0,1,1,0
ST-0992,2024-2025,Grade 10,C,1,87.17,81.17,85.18,75.84,79.48,81.95,88.98,84.99,83.09,0,99,1,1,0,98.25,Excellence,Practices honesty,SO,1,Shows potential but needs more consistency,Unknown,,,Unknown,,Not At Risk,0.99999999999,0.99999999999,0,1,1,0
ST-0993,2024-2025,Grade 4,A,1,86.93,90.51,69.02,87.52,76.62,88.75,72.47,78.23,81.26,0,99,1,0,1,98.75,Responsibility,Completes assignments on time,RO,1,Shows potential but needs more consistency,Unknown,,,Unknown,,Not At Risk,0.99999999999,0.0,1,1,1,0
ST-0994,2025-2026,Grade 10,C,2,72.85,60.02,71.19,68.58,61.89,78.91,71.34,58.22,67.88,3,94,6,0,1,92.5,Integrity,Practices honesty,NO,2,Demonstrates positive effort in class,Parent/Guardian Conference,2025-02-15,Low attendance and poor engagement,Not Yet Evaluated,True,At Risk,5.99999999994,0.0,0,1,1,1
ST-0995,2025-2026,Grade 9,D,3,72.24,72.94,64.66,66.22,60.98,57.64,57.03,61.24,64.12,3,99,1,4,0,96.75,Excellence,Practices honesty,SO,3,Shows potential but needs more consistency,Tutoring,2025-03-15,Low attendance and poor engagement,Improved,,At Risk,0.99999999999,3.99999999996,0,1,1,1
ST-0996,2025-2026,Grade 9,D,4,72.35,77.36,55.59,72.16,61.98,53.96,62.0,68.78,65.52,3,96,4,0,3,95.0,Responsibility,Practices honesty,NO,4,Needs follow-up on attendance and punctuality,Parent/Guardian Conference,2025-04-15,Declining grades and low class participation,Improved,True,At Risk,3.99999999996,0.0,0,1,1,1
ST-0997,2024-2025,Grade 8,B,2,63.96,64.47,71.43,79.66,88.91,74.48,71.39,74.85,73.64,1,96,4,3,3,93.5,Respect,Displays kindness and empathy,RO,2,Improving steadily in class participation,Unknown,,,Unknown,,At Risk,3.99999999996,2.99999999997,0,1,1,1
ST-0998,2024-2025,Grade 4,A,1,74.45,92.55,78.46,86.13,69.39,88.75,87.55,99.68,84.62,0,100,0,0,0,100.0,Responsibility,Completes assignments on time,SO,1,Demonstrates positive effort in class,Unknown,,,Unknown,,Not At Risk,0.0,0.0,2,1,1,0
ST-0999,2025-2026,Grade 9,D,3,72.19,86.42,70.36,80.74,84.77,87.95,85.12,75.56,80.39,0,100,0,0,0,100.0,Integrity,Demonstrates effort and perseverance,SO,3,Improving steadily in class participation,Unknown,,,Unknown,,Not At Risk,0.0,0.0,0,1,1,0
ST-1000,2025-2026,Grade 6,D,3,79.5,65.6,87.63,70.3,87.24,97.55,79.86,67.04,79.34,0,95,5,3,0,92.25,Responsibility,Shows respect to teachers and peers,RO,3,Improving steadily in class participation,Unknown,,,Unknown,,At Risk,4.99999999995,2.99999999997,1,1,1,1
